Number,CenterX,CenterY,ColorR,ColorG,ColorB,ColorPtR,ColorPtG,ColorPtB,BSelected,Colonne,Ligne,Emplacement,PairImpairLigne,Vertex1X,Vertex1Y,Vertex2X,Vertex2Y,Vertex3X,Vertex3Y,Vertex4X,Vertex4Y,Vertex5X,Vertex5Y,Vertex6X,Vertex6Y,Neighbor1,Neighbor2,Neighbor3,Neighbor4,Neighbor5,Neighbor6
1,43,38,0,228,48,139,151,166,False,1,1,CoinHG,False,82,38,63,72,23,72,4,38,23,4,63,4,0,0,2,24,0,0
2,102,72,200,200,200,238,234,205,False,2,1,BordH,False,141,72,122,106,82,106,63,72,82,38,122,38,0,3,26,25,24,1
3,161,38,0,228,48,150,158,177,False,3,1,BordH,False,200,38,181,72,141,72,122,38,141,4,181,4,0,0,4,26,2,0
4,219,72,200,200,200,239,236,203,False,4,1,BordH,False,258,72,239,106,199,106,180,72,199,38,239,38,0,5,28,27,26,3
5,278,38,0,228,48,146,161,174,False,5,1,BordH,False,317,38,298,72,258,72,239,38,258,4,298,4,0,0,6,28,4,0
6,337,72,200,200,200,241,237,208,False,6,1,BordH,False,376,72,357,106,317,106,298,72,317,38,357,38,0,7,30,29,28,5
7,396,38,0,228,48,154,172,113,False,7,1,BordH,False,435,38,416,72,376,72,357,38,376,4,416,4,0,0,8,30,6,0
8,455,72,200,200,200,154,183,108,False,8,1,BordH,False,494,72,475,106,435,106,416,72,435,38,475,38,0,9,32,31,30,7
9,514,38,0,228,48,38,49,14,False,9,1,BordH,False,553,38,534,72,494,72,475,38,494,4,534,4,0,0,10,32,8,0
10,572,72,200,200,200,147,169,111,False,10,1,BordH,False,611,72,592,106,552,106,533,72,552,38,592,38,0,11,34,33,32,9
11,631,38,0,228,48,144,175,101,False,11,1,BordH,False,670,38,651,72,611,72,592,38,611,4,651,4,0,0,12,34,10,0
12,690,72,200,200,200,145,172,111,False,12,1,BordH,False,729,72,710,106,670,106,651,72,670,38,710,38,0,13,36,35,34,11
13,749,38,0,228,48,160,190,121,False,13,1,BordH,False,788,38,769,72,729,72,710,38,729,4,769,4,0,0,14,36,12,0
14,808,72,200,200,200,161,187,116,False,14,1,BordH,False,847,72,828,106,788,106,769,72,788,38,828,38,0,15,38,37,36,13
15,867,38,0,228,48,176,190,132,False,15,1,BordH,False,906,38,887,72,847,72,828,38,847,4,887,4,0,0,16,38,14,0
16,925,72,200,200,200,180,199,141,False,16,1,BordH,False,964,72,945,106,905,106,886,72,905,38,945,38,0,17,40,39,38,15
17,984,38,0,228,48,178,193,126,False,17,1,BordH,False,1023,38,1004,72,964,72,945,38,964,4,1004,4,0,0,18,40,16,0
18,1043,72,200,200,200,180,189,132,False,18,1,BordH,False,1082,72,1063,106,1023,106,1004,72,1023,38,1063,38,0,19,42,41,40,17
19,1102,38,0,228,48,152,175,105,False,19,1,BordH,False,1141,38,1122,72,1082,72,1063,38,1082,4,1122,4,0,0,20,42,18,0
20,1161,72,200,200,200,157,176,110,False,20,1,BordH,False,1200,72,1181,106,1141,106,1122,72,1141,38,1181,38,0,21,44,43,42,19
21,1220,38,0,228,48,152,170,112,False,21,1,BordH,False,1259,38,1240,72,1200,72,1181,38,1200,4,1240,4,0,0,22,44,20,0
22,1278,72,200,200,200,169,183,127,False,22,1,BordH,False,1317,72,1298,106,1258,106,1239,72,1258,38,1298,38,0,23,46,45,44,21
23,1337,38,0,228,48,159,177,115,False,23,1,CoinHD,False,1376,38,1357,72,1317,72,1298,38,1317,4,1357,4,0,0,0,46,22,0
24,43,106,200,200,200,158,173,133,False,1,2,BordG,False,82,106,63,140,23,140,4,106,23,72,63,72,1,2,25,47,0,0
25,102,140,0,228,48,184,199,130,False,2,2,Classic,False,141,140,122,174,82,174,63,140,82,106,122,106,2,26,49,48,47,24
26,161,106,200,200,200,156,179,107,False,3,2,Classic,False,200,106,181,140,141,140,122,106,141,72,181,72,3,4,27,49,25,2
27,219,140,0,228,48,153,175,108,False,4,2,Classic,False,258,140,239,174,199,174,180,140,199,106,239,106,4,28,51,50,49,26
28,278,106,200,200,200,184,200,126,False,5,2,Classic,False,317,106,298,140,258,140,239,106,258,72,298,72,5,6,29,51,27,4
29,337,140,0,228,48,148,173,100,False,6,2,Classic,False,376,140,357,174,317,174,298,140,317,106,357,106,6,30,53,52,51,28
30,396,106,200,200,200,164,186,112,False,7,2,Classic,False,435,106,416,140,376,140,357,106,376,72,416,72,7,8,31,53,29,6
31,455,140,0,228,48,158,177,115,False,8,2,Classic,False,494,140,475,174,435,174,416,140,435,106,475,106,8,32,55,54,53,30
32,514,106,200,200,200,147,167,96,False,9,2,Classic,False,553,106,534,140,494,140,475,106,494,72,534,72,9,10,33,55,31,8
33,572,140,0,228,48,156,173,105,False,10,2,Classic,False,611,140,592,174,552,174,533,140,552,106,592,106,10,34,57,56,55,32
34,631,106,200,200,200,176,184,120,False,11,2,Classic,False,670,106,651,140,611,140,592,106,611,72,651,72,11,12,35,57,33,10
35,690,140,0,228,48,161,176,113,False,12,2,Classic,False,729,140,710,174,670,174,651,140,670,106,710,106,12,36,59,58,57,34
36,749,106,200,200,200,174,174,122,False,13,2,Classic,False,788,106,769,140,729,140,710,106,729,72,769,72,13,14,37,59,35,12
37,808,140,0,228,48,136,127,45,False,14,2,Classic,False,847,140,828,174,788,174,769,140,788,106,828,106,14,38,61,60,59,36
38,867,106,200,200,200,138,182,110,False,15,2,Classic,False,906,106,887,140,847,140,828,106,847,72,887,72,15,16,39,61,37,14
39,925,140,0,228,48,195,205,146,False,16,2,Classic,False,964,140,945,174,905,174,886,140,905,106,945,106,16,40,63,62,61,38
40,984,106,200,200,200,179,198,132,False,17,2,Classic,False,1023,106,1004,140,964,140,945,106,964,72,1004,72,17,18,41,63,39,16
41,1043,140,0,228,48,193,202,143,False,18,2,Classic,False,1082,140,1063,174,1023,174,1004,140,1023,106,1063,106,18,42,65,64,63,40
42,1102,106,200,200,200,152,175,102,False,19,2,Classic,False,1141,106,1122,140,1082,140,1063,106,1082,72,1122,72,19,20,43,65,41,18
43,1161,140,0,228,48,160,183,125,False,20,2,Classic,False,1200,140,1181,174,1141,174,1122,140,1141,106,1181,106,20,44,67,66,65,42
44,1220,106,200,200,200,156,180,96,False,21,2,Classic,False,1259,106,1240,140,1200,140,1181,106,1200,72,1240,72,21,22,45,67,43,20
45,1278,140,0,228,48,163,186,131,False,22,2,Classic,False,1317,140,1298,174,1258,174,1239,140,1258,106,1298,106,22,46,69,68,67,44
46,1337,106,200,200,200,154,172,114,False,23,2,BordD,False,1376,106,1357,140,1317,140,1298,106,1317,72,1357,72,23,0,0,69,45,22
47,43,174,0,228,48,190,200,137,False,1,3,BordG,False,82,174,63,208,23,208,4,174,23,140,63,140,24,25,48,70,0,0
48,102,208,200,200,200,181,209,134,False,2,3,Classic,False,141,208,122,242,82,242,63,208,82,174,122,174,25,49,72,71,70,47
49,161,174,0,228,48,165,184,114,False,3,3,Classic,False,200,174,181,208,141,208,122,174,141,140,181,140,26,27,50,72,48,25
50,219,208,200,200,200,151,176,113,False,4,3,Classic,False,258,208,239,242,199,242,180,208,199,174,239,174,27,51,74,73,72,49
51,278,174,0,228,48,146,191,116,False,5,3,Classic,False,317,174,298,208,258,208,239,174,258,140,298,140,28,29,52,74,50,27
52,337,208,200,200,200,165,184,116,False,6,3,Classic,False,376,208,357,242,317,242,298,208,317,174,357,174,29,53,76,75,74,51
53,396,174,0,228,48,146,164,120,False,7,3,Classic,False,435,174,416,208,376,208,357,174,376,140,416,140,30,31,54,76,52,29
54,455,208,200,200,200,155,178,106,False,8,3,Classic,False,494,208,475,242,435,242,416,208,435,174,475,174,31,55,78,77,76,53
55,514,174,0,228,48,159,180,121,False,9,3,Classic,False,553,174,534,208,494,208,475,174,494,140,534,140,32,33,56,78,54,31
56,572,208,200,200,200,148,177,113,False,10,3,Classic,False,611,208,592,242,552,242,533,208,552,174,592,174,33,57,80,79,78,55
57,631,174,0,228,48,153,173,104,False,11,3,Classic,False,670,174,651,208,611,208,592,174,611,140,651,140,34,35,58,80,56,33
58,690,208,200,200,200,160,179,114,False,12,3,Classic,False,729,208,710,242,670,242,651,208,670,174,710,174,35,59,82,81,80,57
59,749,174,0,228,48,163,181,119,False,13,3,Classic,False,788,174,769,208,729,208,710,174,729,140,769,140,36,37,60,82,58,35
60,808,208,200,200,200,171,194,147,False,14,3,Classic,False,847,208,828,242,788,242,769,208,788,174,828,174,37,61,84,83,82,59
61,867,174,0,228,48,157,182,115,False,15,3,Classic,False,906,174,887,208,847,208,828,174,847,140,887,140,38,39,62,84,60,37
62,925,208,200,200,200,156,175,130,False,16,3,Classic,False,964,208,945,242,905,242,886,208,905,174,945,174,39,63,86,85,84,61
63,984,174,0,228,48,198,212,122,False,17,3,Classic,False,1023,174,1004,208,964,208,945,174,964,140,1004,140,40,41,64,86,62,39
64,1043,208,200,200,200,186,180,122,False,18,3,Classic,False,1082,208,1063,242,1023,242,1004,208,1023,174,1063,174,41,65,88,87,86,63
65,1102,174,0,228,48,168,183,118,False,19,3,Classic,False,1141,174,1122,208,1082,208,1063,174,1082,140,1122,140,42,43,66,88,64,41
66,1161,208,200,200,200,169,185,115,False,20,3,Classic,False,1200,208,1181,242,1141,242,1122,208,1141,174,1181,174,43,67,90,89,88,65
67,1220,174,0,228,48,147,175,110,False,21,3,Classic,False,1259,174,1240,208,1200,208,1181,174,1200,140,1240,140,44,45,68,90,66,43
68,1278,208,200,200,200,153,185,117,False,22,3,Classic,False,1317,208,1298,242,1258,242,1239,208,1258,174,1298,174,45,69,92,91,90,67
69,1337,174,0,228,48,154,181,90,False,23,3,BordD,False,1376,174,1357,208,1317,208,1298,174,1317,140,1357,140,46,0,0,92,68,45
70,43,242,200,200,200,176,194,133,False,1,4,BordG,False,82,242,63,276,23,276,4,242,23,208,63,208,47,48,71,93,0,0
71,102,276,0,228,48,181,198,125,False,2,4,Classic,False,141,276,122,310,82,310,63,276,82,242,122,242,48,72,95,94,93,70
72,161,242,200,200,200,187,202,133,False,3,4,Classic,False,200,242,181,276,141,276,122,242,141,208,181,208,49,50,73,95,71,48
73,219,276,0,228,48,160,179,116,False,4,4,Classic,False,258,276,239,310,199,310,180,276,199,242,239,242,50,74,97,96,95,72
74,278,242,200,200,200,161,182,118,False,5,4,Classic,False,317,242,298,276,258,276,239,242,258,208,298,208,51,52,75,97,73,50
75,337,276,0,228,48,165,186,116,False,6,4,Classic,False,376,276,357,310,317,310,298,276,317,242,357,242,52,76,99,98,97,74
76,396,242,200,200,200,167,186,119,False,7,4,Classic,False,435,242,416,276,376,276,357,242,376,208,416,208,53,54,77,99,75,52
77,455,276,0,228,48,162,179,124,False,8,4,Classic,False,494,276,475,310,435,310,416,276,435,242,475,242,54,78,101,100,99,76
78,514,242,200,200,200,146,171,104,False,9,4,Classic,False,553,242,534,276,494,276,475,242,494,208,534,208,55,56,79,101,77,54
79,572,276,0,228,48,158,179,108,False,10,4,Classic,False,611,276,592,310,552,310,533,276,552,242,592,242,56,80,103,102,101,78
80,631,242,200,200,200,156,175,114,False,11,4,Classic,False,670,242,651,276,611,276,592,242,611,208,651,208,57,58,81,103,79,56
81,690,276,0,228,48,132,140,61,False,12,4,Classic,False,729,276,710,310,670,310,651,276,670,242,710,242,58,82,105,104,103,80
82,749,242,200,200,200,147,172,106,False,13,4,Classic,False,788,242,769,276,729,276,710,242,729,208,769,208,59,60,83,105,81,58
83,808,276,0,228,48,142,176,103,False,14,4,Classic,False,847,276,828,310,788,310,769,276,788,242,828,242,60,84,107,106,105,82
84,867,242,200,200,200,167,186,119,False,15,4,Classic,False,906,242,887,276,847,276,828,242,847,208,887,208,61,62,85,107,83,60
85,925,276,0,228,48,148,169,113,False,16,4,Classic,False,964,276,945,310,905,310,886,276,905,242,945,242,62,86,109,108,107,84
86,984,242,200,200,200,179,198,134,False,17,4,Classic,False,1023,242,1004,276,964,276,945,242,964,208,1004,208,63,64,87,109,85,62
87,1043,276,0,228,48,182,192,128,False,18,4,Classic,False,1082,276,1063,310,1023,310,1004,276,1023,242,1063,242,64,88,111,110,109,86
88,1102,242,200,200,200,159,181,117,False,19,4,Classic,False,1141,242,1122,276,1082,276,1063,242,1082,208,1122,208,65,66,89,111,87,64
89,1161,276,0,228,48,149,178,116,False,20,4,Classic,False,1200,276,1181,310,1141,310,1122,276,1141,242,1181,242,66,90,113,112,111,88
90,1220,242,200,200,200,158,180,113,False,21,4,Classic,False,1259,242,1240,276,1200,276,1181,242,1200,208,1240,208,67,68,91,113,89,66
91,1278,276,0,228,48,153,172,118,False,22,4,Classic,False,1317,276,1298,310,1258,310,1239,276,1258,242,1298,242,68,92,115,114,113,90
92,1337,242,200,200,200,152,180,119,False,23,4,BordD,False,1376,242,1357,276,1317,276,1298,242,1317,208,1357,208,69,0,0,115,91,68
93,43,310,0,228,48,183,204,129,False,1,5,BordG,False,82,310,63,344,23,344,4,310,23,276,63,276,70,71,94,116,0,0
94,102,344,200,200,200,160,182,113,False,2,5,Classic,False,141,344,122,378,82,378,63,344,82,310,122,310,71,95,118,117,116,93
95,161,310,0,228,48,157,175,114,False,3,5,Classic,False,200,310,181,344,141,344,122,310,141,276,181,276,72,73,96,118,94,71
96,219,344,200,200,200,151,173,103,False,4,5,Classic,False,258,344,239,378,199,378,180,344,199,310,239,310,73,97,120,119,118,95
97,278,310,0,228,48,159,179,131,False,5,5,Classic,False,317,310,298,344,258,344,239,310,258,276,298,276,74,75,98,120,96,73
98,337,344,200,200,200,160,179,113,False,6,5,Classic,False,376,344,357,378,317,378,298,344,317,310,357,310,75,99,122,121,120,97
99,396,310,0,228,48,159,178,115,False,7,5,Classic,False,435,310,416,344,376,344,357,310,376,276,416,276,76,77,100,122,98,75
100,455,344,200,200,200,159,177,117,False,8,5,Classic,False,494,344,475,378,435,378,416,344,435,310,475,310,77,101,124,123,122,99
101,514,310,0,228,48,153,176,106,False,9,5,Classic,False,553,310,534,344,494,344,475,310,494,276,534,276,78,79,102,124,100,77
102,572,344,200,200,200,154,175,108,False,10,5,Classic,False,611,344,592,378,552,378,533,344,552,310,592,310,79,103,126,125,124,101
103,631,310,0,228,48,163,180,119,False,11,5,Classic,False,670,310,651,344,611,344,592,310,611,276,651,276,80,81,104,126,102,79
104,690,344,200,200,200,152,174,107,False,12,5,Classic,False,729,344,710,378,670,378,651,344,670,310,710,310,81,105,128,127,126,103
105,749,310,0,228,48,160,180,109,False,13,5,Classic,False,788,310,769,344,729,344,710,310,729,276,769,276,82,83,106,128,104,81
106,808,344,200,200,200,151,172,106,False,14,5,Classic,False,847,344,828,378,788,378,769,344,788,310,828,310,83,107,130,129,128,105
107,867,310,0,228,48,80,107,69,False,15,5,Classic,False,906,310,887,344,847,344,828,310,847,276,887,276,84,85,108,130,106,83
108,925,344,200,200,200,163,183,120,False,16,5,Classic,False,964,344,945,378,905,378,886,344,905,310,945,310,85,109,132,131,130,107
109,984,310,0,228,48,160,186,113,False,17,5,Classic,False,1023,310,1004,344,964,344,945,310,964,276,1004,276,86,87,110,132,108,85
110,1043,344,200,200,200,175,189,124,False,18,5,Classic,False,1082,344,1063,378,1023,378,1004,344,1023,310,1063,310,87,111,134,133,132,109
111,1102,310,0,228,48,153,174,111,False,19,5,Classic,False,1141,310,1122,344,1082,344,1063,310,1082,276,1122,276,88,89,112,134,110,87
112,1161,344,200,200,200,166,188,124,False,20,5,Classic,False,1200,344,1181,378,1141,378,1122,344,1141,310,1181,310,89,113,136,135,134,111
113,1220,310,0,228,48,161,183,121,False,21,5,Classic,False,1259,310,1240,344,1200,344,1181,310,1200,276,1240,276,90,91,114,136,112,89
114,1278,344,200,200,200,155,176,118,False,22,5,Classic,False,1317,344,1298,378,1258,378,1239,344,1258,310,1298,310,91,115,138,137,136,113
115,1337,310,0,228,48,155,182,118,False,23,5,BordD,False,1376,310,1357,344,1317,344,1298,310,1317,276,1357,276,92,0,0,138,114,91
116,43,378,200,200,200,162,185,125,False,1,6,BordG,False,82,378,63,412,23,412,4,378,23,344,63,344,93,94,117,139,0,0
117,102,412,0,228,48,159,181,117,False,2,6,Classic,False,141,412,122,446,82,446,63,412,82,378,122,378,94,118,141,140,139,116
118,161,378,200,200,200,158,177,113,False,3,6,Classic,False,200,378,181,412,141,412,122,378,141,344,181,344,95,96,119,141,117,94
119,219,412,0,228,48,154,175,110,False,4,6,Classic,False,258,412,239,446,199,446,180,412,199,378,239,378,96,120,143,142,141,118
120,278,378,200,200,200,160,167,104,False,5,6,Classic,False,317,378,298,412,258,412,239,378,258,344,298,344,97,98,121,143,119,96
121,337,412,0,228,48,153,185,111,False,6,6,Classic,False,376,412,357,446,317,446,298,412,317,378,357,378,98,122,145,144,143,120
122,396,378,200,200,200,174,180,118,False,7,6,Classic,False,435,378,416,412,376,412,357,378,376,344,416,344,99,100,123,145,121,98
123,455,412,0,228,48,163,179,112,False,8,6,Classic,False,494,412,475,446,435,446,416,412,435,378,475,378,100,124,147,146,145,122
124,514,378,200,200,200,154,173,108,False,9,6,Classic,False,553,378,534,412,494,412,475,378,494,344,534,344,101,102,125,147,123,100
125,572,412,0,228,48,130,139,50,False,10,6,Classic,False,611,412,592,446,552,446,533,412,552,378,592,378,102,126,149,148,147,124
126,631,378,200,200,200,149,184,117,False,11,6,Classic,False,670,378,651,412,611,412,592,378,611,344,651,344,103,104,127,149,125,102
127,690,412,0,228,48,162,185,117,False,12,6,Classic,False,729,412,710,446,670,446,651,412,670,378,710,378,104,128,151,150,149,126
128,749,378,200,200,200,162,191,119,False,13,6,Classic,False,788,378,769,412,729,412,710,378,729,344,769,344,105,106,129,151,127,104
129,808,412,0,228,48,163,186,117,False,14,6,Classic,False,847,412,828,446,788,446,769,412,788,378,828,378,106,130,153,152,151,128
130,867,378,200,200,200,71,95,51,False,15,6,Classic,False,906,378,887,412,847,412,828,378,847,344,887,344,107,108,131,153,129,106
131,925,412,0,228,48,127,149,120,False,16,6,Classic,False,964,412,945,446,905,446,886,412,905,378,945,378,108,132,155,154,153,130
132,984,378,200,200,200,154,176,105,False,17,6,Classic,False,1023,378,1004,412,964,412,945,378,964,344,1004,344,109,110,133,155,131,108
133,1043,412,0,228,48,152,170,109,False,18,6,Classic,False,1082,412,1063,446,1023,446,1004,412,1023,378,1063,378,110,134,157,156,155,132
134,1102,378,200,200,200,153,175,107,False,19,6,Classic,False,1141,378,1122,412,1082,412,1063,378,1082,344,1122,344,111,112,135,157,133,110
135,1161,412,0,228,48,157,175,117,False,20,6,Classic,False,1200,412,1181,446,1141,446,1122,412,1141,378,1181,378,112,136,159,158,157,134
136,1220,378,200,200,200,121,130,100,False,21,6,Classic,False,1259,378,1240,412,1200,412,1181,378,1200,344,1240,344,113,114,137,159,135,112
137,1278,412,0,228,48,161,181,128,False,22,6,Classic,False,1317,412,1298,446,1258,446,1239,412,1258,378,1298,378,114,138,161,160,159,136
138,1337,378,200,200,200,153,177,114,False,23,6,BordD,False,1376,378,1357,412,1317,412,1298,378,1317,344,1357,344,115,0,0,161,137,114
139,43,446,0,228,48,165,182,119,False,1,7,BordG,False,82,446,63,480,23,480,4,446,23,412,63,412,116,117,140,162,0,0
140,102,480,200,200,200,162,185,116,False,2,7,Classic,False,141,480,122,514,82,514,63,480,82,446,122,446,117,141,164,163,162,139
141,161,446,0,228,48,154,172,110,False,3,7,Classic,False,200,446,181,480,141,480,122,446,141,412,181,412,118,119,142,164,140,117
142,219,480,200,200,200,155,173,111,False,4,7,Classic,False,258,480,239,514,199,514,180,480,199,446,239,446,119,143,166,165,164,141
143,278,446,0,228,48,155,181,111,False,5,7,Classic,False,317,446,298,480,258,480,239,446,258,412,298,412,120,121,144,166,142,119
144,337,480,200,200,200,154,182,110,False,6,7,Classic,False,376,480,357,514,317,514,298,480,317,446,357,446,121,145,168,167,166,143
145,396,446,0,228,48,166,176,113,False,7,7,Classic,False,435,446,416,480,376,480,357,446,376,412,416,412,122,123,146,168,144,121
146,455,480,200,200,200,165,175,112,False,8,7,Classic,False,494,480,475,514,435,514,416,480,435,446,475,446,123,147,170,169,168,145
147,514,446,0,228,48,156,182,118,False,9,7,Classic,False,553,446,534,480,494,480,475,446,494,412,534,412,124,125,148,170,146,123
148,572,480,200,200,200,157,188,115,False,10,7,Classic,False,611,480,592,514,552,514,533,480,552,446,592,446,125,149,172,171,170,147
149,631,446,0,228,48,161,178,103,False,11,7,Classic,False,670,446,651,480,611,480,592,446,611,412,651,412,126,127,150,172,148,125
150,690,480,200,200,200,167,182,118,False,12,7,Classic,False,729,480,710,514,670,514,651,480,670,446,710,446,127,151,174,173,172,149
151,749,446,0,228,48,155,179,105,False,13,7,Classic,False,788,446,769,480,729,480,710,446,729,412,769,412,128,129,152,174,150,127
152,808,480,200,200,200,167,182,110,False,14,7,Classic,False,847,480,828,514,788,514,769,480,788,446,828,446,129,153,176,175,174,151
153,867,446,0,228,48,134,160,102,False,15,7,Classic,False,906,446,887,480,847,480,828,446,847,412,887,412,130,131,154,176,152,129
154,925,480,200,200,200,148,169,134,False,16,7,Classic,False,964,480,945,514,905,514,886,480,905,446,945,446,131,155,178,177,176,153
155,984,446,0,228,48,154,180,108,False,17,7,Classic,False,1023,446,1004,480,964,480,945,446,964,412,1004,412,132,133,156,178,154,131
156,1043,480,200,200,200,154,167,105,False,18,7,Classic,False,1082,480,1063,514,1023,514,1004,480,1023,446,1063,446,133,157,180,179,178,155
157,1102,446,0,228,48,158,177,111,False,19,7,Classic,False,1141,446,1122,480,1082,480,1063,446,1082,412,1122,412,134,135,158,180,156,133
158,1161,480,200,200,200,136,145,63,False,20,7,Classic,False,1200,480,1181,514,1141,514,1122,480,1141,446,1181,446,135,159,182,181,180,157
159,1220,446,0,228,48,161,186,113,False,21,7,Classic,False,1259,446,1240,480,1200,480,1181,446,1200,412,1240,412,136,137,160,182,158,135
160,1278,480,200,200,200,163,174,121,False,22,7,Classic,False,1317,480,1298,514,1258,514,1239,480,1258,446,1298,446,137,161,184,183,182,159
161,1337,446,0,228,48,151,175,118,False,23,7,BordD,False,1376,446,1357,480,1317,480,1298,446,1317,412,1357,412,138,0,0,184,160,137
162,43,514,200,200,200,153,176,106,False,1,8,BordG,False,82,514,63,548,23,548,4,514,23,480,63,480,139,140,163,185,0,0
163,102,548,0,228,48,160,181,119,False,2,8,Classic,False,141,548,122,582,82,582,63,548,82,514,122,514,140,164,187,186,185,162
164,161,514,200,200,200,159,178,114,False,3,8,Classic,False,200,514,181,548,141,548,122,514,141,480,181,480,141,142,165,187,163,140
165,219,548,0,228,48,152,172,102,False,4,8,Classic,False,258,548,239,582,199,582,180,548,199,514,239,514,142,166,189,188,187,164
166,278,514,200,200,200,159,180,108,False,5,8,Classic,False,317,514,298,548,258,548,239,514,258,480,298,480,143,144,167,189,165,142
167,337,548,0,228,48,133,162,96,False,6,8,Classic,False,376,548,357,582,317,582,298,548,317,514,357,514,144,168,191,190,189,166
168,396,514,200,200,200,162,176,117,False,7,8,Classic,False,435,514,416,548,376,548,357,514,376,480,416,480,145,146,169,191,167,144
169,455,548,0,228,48,155,171,107,False,8,8,Classic,False,494,548,475,582,435,582,416,548,435,514,475,514,146,170,193,192,191,168
170,514,514,200,200,200,155,175,106,False,9,8,Classic,False,553,514,534,548,494,548,475,514,494,480,534,480,147,148,171,193,169,146
171,572,548,0,228,48,167,160,104,False,10,8,Classic,False,611,548,592,582,552,582,533,548,552,514,592,514,148,172,195,194,193,170
172,631,514,200,200,200,152,174,111,False,11,8,Classic,False,670,514,651,548,611,548,592,514,611,480,651,480,149,150,173,195,171,148
173,690,548,0,228,48,155,176,113,False,12,8,Classic,False,729,548,710,582,670,582,651,548,670,514,710,514,150,174,197,196,195,172
174,749,514,200,200,200,140,183,104,False,13,8,Classic,False,788,514,769,548,729,548,710,514,729,480,769,480,151,152,175,197,173,150
175,808,548,0,228,48,138,170,102,False,14,8,Classic,False,847,548,828,582,788,582,769,548,788,514,828,514,152,176,199,198,197,174
176,867,514,200,200,200,137,168,105,False,15,8,Classic,False,906,514,887,548,847,548,828,514,847,480,887,480,153,154,177,199,175,152
177,925,548,0,228,48,136,164,104,False,16,8,Classic,False,964,548,945,582,905,582,886,548,905,514,945,514,154,178,201,200,199,176
178,984,514,200,200,200,136,152,82,False,17,8,Classic,False,1023,514,1004,548,964,548,945,514,964,480,1004,480,155,156,179,201,177,154
179,1043,548,0,228,48,217,230,188,False,18,8,Classic,False,1082,548,1063,582,1023,582,1004,548,1023,514,1063,514,156,180,203,202,201,178
180,1102,514,200,200,200,159,181,114,False,19,8,Classic,False,1141,514,1122,548,1082,548,1063,514,1082,480,1122,480,157,158,181,203,179,156
181,1161,548,0,228,48,169,191,127,False,20,8,Classic,False,1200,548,1181,582,1141,582,1122,548,1141,514,1181,514,158,182,205,204,203,180
182,1220,514,200,200,200,141,183,116,False,21,8,Classic,False,1259,514,1240,548,1200,548,1181,514,1200,480,1240,480,159,160,183,205,181,158
183,1278,548,0,228,48,159,178,116,False,22,8,Classic,False,1317,548,1298,582,1258,582,1239,548,1258,514,1298,514,160,184,207,206,205,182
184,1337,514,200,200,200,145,167,103,False,23,8,BordD,False,1376,514,1357,548,1317,548,1298,514,1317,480,1357,480,161,0,0,207,183,160
185,43,582,0,228,48,161,185,127,False,1,9,BordG,False,82,582,63,616,23,616,4,582,23,548,63,548,162,163,186,208,0,0
186,102,615,200,200,200,164,179,119,False,2,9,Classic,False,141,615,122,649,82,649,63,615,82,581,122,581,163,187,210,209,208,185
187,161,582,0,228,48,159,179,110,False,3,9,Classic,False,200,582,181,616,141,616,122,582,141,548,181,548,164,165,188,210,186,163
188,219,615,200,200,200,135,166,91,False,4,9,Classic,False,258,615,239,649,199,649,180,615,199,581,239,581,165,189,212,211,210,187
189,278,582,0,228,48,137,166,99,False,5,9,Classic,False,317,582,298,616,258,616,239,582,258,548,298,548,166,167,190,212,188,165
190,337,615,200,200,200,134,168,108,False,6,9,Classic,False,376,615,357,649,317,649,298,615,317,581,357,581,167,191,214,213,212,189
191,396,582,0,228,48,173,176,108,False,7,9,Classic,False,435,582,416,616,376,616,357,582,376,548,416,548,168,169,192,214,190,167
192,455,615,200,200,200,170,182,116,False,8,9,Classic,False,494,615,475,649,435,649,416,615,435,581,475,581,169,193,216,215,214,191
193,514,582,0,228,48,148,174,99,False,9,9,Classic,False,553,582,534,616,494,616,475,582,494,548,534,548,170,171,194,216,192,169
194,572,615,200,200,200,162,190,116,False,10,9,Classic,False,611,615,592,649,552,649,533,615,552,581,592,581,171,195,218,217,216,193
195,631,582,0,228,48,164,181,125,False,11,9,Classic,False,670,582,651,616,611,616,592,582,611,548,651,548,172,173,196,218,194,171
196,690,615,200,200,200,157,163,126,False,12,9,Classic,False,729,615,710,649,670,649,651,615,670,581,710,581,173,197,220,219,218,195
197,749,582,0,228,48,132,165,94,False,13,9,Classic,False,788,582,769,616,729,616,710,582,729,548,769,548,174,175,198,220,196,173
198,808,615,200,200,200,125,165,105,False,14,9,Classic,False,847,615,828,649,788,649,769,615,788,581,828,581,175,199,222,221,220,197
199,867,582,0,228,48,136,165,102,False,15,9,Classic,False,906,582,887,616,847,616,828,582,847,548,887,548,176,177,200,222,198,175
200,925,615,200,200,200,138,158,99,False,16,9,Classic,False,964,615,945,649,905,649,886,615,905,581,945,581,177,201,224,223,222,199
201,984,582,0,228,48,124,152,91,False,17,9,Classic,False,1023,582,1004,616,964,616,945,582,964,548,1004,548,178,179,202,224,200,177
202,1043,615,200,200,200,136,125,46,False,18,9,Classic,False,1082,615,1063,649,1023,649,1004,615,1023,581,1063,581,179,203,226,225,224,201
203,1102,582,0,228,48,157,182,119,False,19,9,Classic,False,1141,582,1122,616,1082,616,1063,582,1082,548,1122,548,180,181,204,226,202,179
204,1161,615,200,200,200,152,175,115,False,20,9,Classic,False,1200,615,1181,649,1141,649,1122,615,1141,581,1181,581,181,205,228,227,226,203
205,1220,582,0,228,48,157,175,118,False,21,9,Classic,False,1259,582,1240,616,1200,616,1181,582,1200,548,1240,548,182,183,206,228,204,181
206,1278,615,200,200,200,158,171,118,False,22,9,Classic,False,1317,615,1298,649,1258,649,1239,615,1258,581,1298,581,183,207,230,229,228,205
207,1337,582,0,228,48,152,166,132,False,23,9,BordD,False,1376,582,1357,616,1317,616,1298,582,1317,548,1357,548,184,0,0,230,206,183
208,43,649,200,200,200,129,155,108,False,1,10,BordG,False,82,649,63,683,23,683,4,649,23,615,63,615,185,186,209,231,0,0
209,102,683,0,228,48,133,174,106,False,2,10,Classic,False,141,683,122,717,82,717,63,683,82,649,122,649,186,210,233,232,231,208
210,161,649,200,200,200,157,188,118,False,3,10,Classic,False,200,649,181,683,141,683,122,649,141,615,181,615,187,188,211,233,209,186
211,219,683,0,228,48,134,161,100,False,4,10,Classic,False,258,683,239,717,199,717,180,683,199,649,239,649,188,212,235,234,233,210
212,278,649,200,200,200,138,164,98,False,5,10,Classic,False,317,649,298,683,258,683,239,649,258,615,298,615,189,190,213,235,211,188
213,337,683,0,228,48,149,164,101,False,6,10,Classic,False,376,683,357,717,317,717,298,683,317,649,357,649,190,214,237,236,235,212
214,396,649,200,200,200,143,166,102,False,7,10,Classic,False,435,649,416,683,376,683,357,649,376,615,416,615,191,192,215,237,213,190
215,455,683,0,228,48,136,169,110,False,8,10,Classic,False,494,683,475,717,435,717,416,683,435,649,475,649,192,216,239,238,237,214
216,514,649,200,200,200,167,192,124,False,9,10,Classic,False,553,649,534,683,494,683,475,649,494,615,534,615,193,194,217,239,215,192
217,572,683,0,228,48,158,175,109,False,10,10,Classic,False,611,683,592,717,552,717,533,683,552,649,592,649,194,218,241,240,239,216
218,631,649,200,200,200,153,171,113,False,11,10,Classic,False,670,649,651,683,611,683,592,649,611,615,651,615,195,196,219,241,217,194
219,690,683,0,228,48,160,180,121,False,12,10,Classic,False,729,683,710,717,670,717,651,683,670,649,710,649,196,220,243,242,241,218
220,749,649,200,200,200,153,179,109,False,13,10,Classic,False,788,649,769,683,729,683,710,649,729,615,769,615,197,198,221,243,219,196
221,808,683,0,228,48,161,193,119,False,14,10,Classic,False,847,683,828,717,788,717,769,683,788,649,828,649,198,222,245,244,243,220
222,867,649,200,200,200,134,166,102,False,15,10,Classic,False,906,649,887,683,847,683,828,649,847,615,887,615,199,200,223,245,221,198
223,925,683,0,228,48,150,171,109,False,16,10,Classic,False,964,683,945,717,905,717,886,683,905,649,945,649,200,224,247,246,245,222
224,984,649,200,200,200,125,155,93,False,17,10,Classic,False,1023,649,1004,683,964,683,945,649,964,615,1004,615,201,202,225,247,223,200
225,1043,683,0,228,48,125,157,85,False,18,10,Classic,False,1082,683,1063,717,1023,717,1004,683,1023,649,1063,649,202,226,249,248,247,224
226,1102,649,200,200,200,134,163,96,False,19,10,Classic,False,1141,649,1122,683,1082,683,1063,649,1082,615,1122,615,203,204,227,249,225,202
227,1161,683,0,228,48,172,172,106,False,20,10,Classic,False,1200,683,1181,717,1141,717,1122,683,1141,649,1181,649,204,228,251,250,249,226
228,1220,649,200,200,200,154,173,115,False,21,10,Classic,False,1259,649,1240,683,1200,683,1181,649,1200,615,1240,615,205,206,229,251,227,204
229,1278,683,0,228,48,157,179,116,False,22,10,Classic,False,1317,683,1298,717,1258,717,1239,683,1258,649,1298,649,206,230,253,252,251,228
230,1337,649,200,200,200,164,182,118,False,23,10,BordD,False,1376,649,1357,683,1317,683,1298,649,1317,615,1357,615,207,0,0,253,229,206
231,43,717,0,228,48,124,172,102,False,1,11,BordG,False,82,717,63,751,23,751,4,717,23,683,63,683,208,209,232,254,0,0
232,102,751,200,200,200,139,169,109,False,2,11,Classic,False,141,751,122,785,82,785,63,751,82,717,122,717,209,233,256,255,254,231
233,161,717,0,228,48,149,158,103,False,3,11,Classic,False,200,717,181,751,141,751,122,717,141,683,181,683,210,211,234,256,232,209
234,219,751,200,200,200,141,168,96,False,4,11,Classic,False,258,751,239,785,199,785,180,751,199,717,239,717,211,235,258,257,256,233
235,278,717,0,228,48,158,141,47,False,5,11,Classic,False,317,717,298,751,258,751,239,717,258,683,298,683,212,213,236,258,234,211
236,337,751,200,200,200,128,155,87,False,6,11,Classic,False,376,751,357,785,317,785,298,751,317,717,357,717,213,237,260,259,258,235
237,396,717,0,228,48,126,174,100,False,7,11,Classic,False,435,717,416,751,376,751,357,717,376,683,416,683,214,215,238,260,236,213
238,455,751,200,200,200,135,162,96,False,8,11,Classic,False,494,751,475,785,435,785,416,751,435,717,475,717,215,239,262,261,260,237
239,514,717,0,228,48,148,172,98,False,9,11,Classic,False,553,717,534,751,494,751,475,717,494,683,534,683,216,217,240,262,238,215
240,572,751,200,200,200,162,183,104,False,10,11,Classic,False,611,751,592,785,552,785,533,751,552,717,592,717,217,241,264,263,262,239
241,631,717,0,228,48,144,171,107,False,11,11,Classic,False,670,717,651,751,611,751,592,717,611,683,651,683,218,219,242,264,240,217
242,690,751,200,200,200,147,170,102,False,12,11,Classic,False,729,751,710,785,670,785,651,751,670,717,710,717,219,243,266,265,264,241
243,749,717,0,228,48,156,186,118,False,13,11,Classic,False,788,717,769,751,729,751,710,717,729,683,769,683,220,221,244,266,242,219
244,808,751,200,200,200,165,186,120,False,14,11,Classic,False,847,751,828,785,788,785,769,751,788,717,828,717,221,245,268,267,266,243
245,867,717,0,228,48,152,176,108,False,15,11,Classic,False,906,717,887,751,847,751,828,717,847,683,887,683,222,223,246,268,244,221
246,925,751,200,200,200,152,172,111,False,16,11,Classic,False,964,751,945,785,905,785,886,751,905,717,945,717,223,247,270,269,268,245
247,984,717,0,228,48,129,157,104,False,17,11,Classic,False,1023,717,1004,751,964,751,945,717,964,683,1004,683,224,225,248,270,246,223
248,1043,751,200,200,200,128,160,97,False,18,11,Classic,False,1082,751,1063,785,1023,785,1004,751,1023,717,1063,717,225,249,272,271,270,247
249,1102,717,0,228,48,143,167,111,False,19,11,Classic,False,1141,717,1122,751,1082,751,1063,717,1082,683,1122,683,226,227,250,272,248,225
250,1161,751,200,200,200,158,177,111,False,20,11,Classic,False,1200,751,1181,785,1141,785,1122,751,1141,717,1181,717,227,251,274,273,272,249
251,1220,717,0,228,48,160,179,123,False,21,11,Classic,False,1259,717,1240,751,1200,751,1181,717,1200,683,1240,683,228,229,252,274,250,227
252,1278,751,200,200,200,151,173,109,False,22,11,Classic,False,1317,751,1298,785,1258,785,1239,751,1258,717,1298,717,229,253,276,275,274,251
253,1337,717,0,228,48,165,184,122,False,23,11,BordD,False,1376,717,1357,751,1317,751,1298,717,1317,683,1357,683,230,0,0,276,252,229
254,43,785,200,200,200,132,161,99,False,1,12,BordG,False,82,785,63,819,23,819,4,785,23,751,63,751,231,232,255,277,0,0
255,102,819,0,228,48,141,173,110,False,2,12,Classic,False,141,819,122,853,82,853,63,819,82,785,122,785,232,256,279,278,277,254
256,161,785,200,200,200,168,195,104,False,3,12,Classic,False,200,785,181,819,141,819,122,785,141,751,181,751,233,234,257,279,255,232
257,219,819,0,228,48,139,168,102,False,4,12,Classic,False,258,819,239,853,199,853,180,819,199,785,239,785,234,258,281,280,279,256
258,278,785,200,200,200,127,163,106,False,5,12,Classic,False,317,785,298,819,258,819,239,785,258,751,298,751,235,236,259,281,257,234
259,337,819,0,228,48,132,164,100,False,6,12,Classic,False,376,819,357,853,317,853,298,819,317,785,357,785,236,260,283,282,281,258
260,396,785,200,200,200,134,168,116,False,7,12,Classic,False,435,785,416,819,376,819,357,785,376,751,416,751,237,238,261,283,259,236
261,455,819,0,228,48,103,120,81,False,8,12,Classic,False,494,819,475,853,435,853,416,819,435,785,475,785,238,262,285,284,283,260
262,514,785,200,200,200,150,179,121,False,9,12,Classic,False,553,785,534,819,494,819,475,785,494,751,534,751,239,240,263,285,261,238
263,572,819,0,228,48,155,179,114,False,10,12,Classic,False,611,819,592,853,552,853,533,819,552,785,592,785,240,264,287,286,285,262
264,631,785,200,200,200,147,179,125,False,11,12,Classic,False,670,785,651,819,611,819,592,785,611,751,651,751,241,242,265,287,263,240
265,690,819,0,228,48,152,171,106,False,12,12,Classic,False,729,819,710,853,670,853,651,819,670,785,710,785,242,266,289,288,287,264
266,749,785,200,200,200,157,166,111,False,13,12,Classic,False,788,785,769,819,729,819,710,785,729,751,769,751,243,244,267,289,265,242
267,808,819,0,228,48,159,181,115,False,14,12,Classic,False,847,819,828,853,788,853,769,819,788,785,828,785,244,268,291,290,289,266
268,867,785,200,200,200,161,176,114,False,15,12,Classic,False,906,785,887,819,847,819,828,785,847,751,887,751,245,246,269,291,267,244
269,925,819,0,228,48,165,187,125,False,16,12,Classic,False,964,819,945,853,905,853,886,819,905,785,945,785,246,270,293,292,291,268
270,984,785,200,200,200,135,160,97,False,17,12,Classic,False,1023,785,1004,819,964,819,945,785,964,751,1004,751,247,248,271,293,269,246
271,1043,819,0,228,48,136,168,101,False,18,12,Classic,False,1082,819,1063,853,1023,853,1004,819,1023,785,1063,785,248,272,295,294,293,270
272,1102,785,200,200,200,165,181,109,False,19,12,Classic,False,1141,785,1122,819,1082,819,1063,785,1082,751,1122,751,249,250,273,295,271,248
273,1161,819,0,228,48,169,193,125,False,20,12,Classic,False,1200,819,1181,853,1141,853,1122,819,1141,785,1181,785,250,274,297,296,295,272
274,1220,785,200,200,200,165,182,109,False,21,12,Classic,False,1259,785,1240,819,1200,819,1181,785,1200,751,1240,751,251,252,275,297,273,250
275,1278,819,0,228,48,160,182,116,False,22,12,Classic,False,1317,819,1298,853,1258,853,1239,819,1258,785,1298,785,252,276,299,298,297,274
276,1337,785,200,200,200,161,180,110,False,23,12,BordD,False,1376,785,1357,819,1317,819,1298,785,1317,751,1357,751,253,0,0,299,275,252
277,43,853,0,228,48,126,150,86,False,1,13,BordG,False,82,853,63,887,23,887,4,853,23,819,63,819,254,255,278,300,0,0
278,102,887,200,200,200,132,158,99,False,2,13,Classic,False,141,887,122,921,82,921,63,887,82,853,122,853,255,279,302,301,300,277
279,161,853,0,228,48,135,168,98,False,3,13,Classic,False,200,853,181,887,141,887,122,853,141,819,181,819,256,257,280,302,278,255
280,219,887,200,200,200,136,159,95,False,4,13,Classic,False,258,887,239,921,199,921,180,887,199,853,239,853,257,281,304,303,302,279
281,278,853,0,228,48,134,171,102,False,5,13,Classic,False,317,853,298,887,258,887,239,853,258,819,298,819,258,259,282,304,280,257
282,337,887,200,200,200,169,184,123,False,6,13,Classic,False,376,887,357,921,317,921,298,887,317,853,357,853,259,283,306,305,304,281
283,396,853,0,228,48,161,184,112,False,7,13,Classic,False,435,853,416,887,376,887,357,853,376,819,416,819,260,261,284,306,282,259
284,455,887,200,200,200,161,176,111,False,8,13,Classic,False,494,887,475,921,435,921,416,887,435,853,475,853,261,285,308,307,306,283
285,514,853,0,228,48,165,188,114,False,9,13,Classic,False,553,853,534,887,494,887,475,853,494,819,534,819,262,263,286,308,284,261
286,572,887,200,200,200,166,183,121,False,10,13,Classic,False,611,887,592,921,552,921,533,887,552,853,592,853,263,287,310,309,308,285
287,631,853,0,228,48,158,176,131,False,11,13,Classic,False,670,853,651,887,611,887,592,853,611,819,651,819,264,265,288,310,286,263
288,690,887,200,200,200,146,169,111,False,12,13,Classic,False,729,887,710,921,670,921,651,887,670,853,710,853,265,289,312,311,310,287
289,749,853,0,228,48,153,167,107,False,13,13,Classic,False,788,853,769,887,729,887,710,853,729,819,769,819,266,267,290,312,288,265
290,808,887,200,200,200,162,184,137,False,14,13,Classic,False,847,887,828,921,788,921,769,887,788,853,828,853,267,291,314,313,312,289
291,867,853,0,228,48,133,51,4,False,15,13,Classic,False,906,853,887,887,847,887,828,853,847,819,887,819,268,269,292,314,290,267
292,925,887,200,200,200,152,176,116,False,16,13,Classic,False,964,887,945,921,905,921,886,887,905,853,945,853,269,293,316,315,314,291
293,984,853,0,228,48,157,172,102,False,17,13,Classic,False,1023,853,1004,887,964,887,945,853,964,819,1004,819,270,271,294,316,292,269
294,1043,887,200,200,200,151,180,115,False,18,13,Classic,False,1082,887,1063,921,1023,921,1004,887,1023,853,1063,853,271,295,318,317,316,293
295,1102,853,0,228,48,159,176,114,False,19,13,Classic,False,1141,853,1122,887,1082,887,1063,853,1082,819,1122,819,272,273,296,318,294,271
296,1161,887,200,200,200,157,186,121,False,20,13,Classic,False,1200,887,1181,921,1141,921,1122,887,1141,853,1181,853,273,297,320,319,318,295
297,1220,853,0,228,48,159,177,119,False,21,13,Classic,False,1259,853,1240,887,1200,887,1181,853,1200,819,1240,819,274,275,298,320,296,273
298,1278,887,200,200,200,136,159,127,False,22,13,Classic,False,1317,887,1298,921,1258,921,1239,887,1258,853,1298,853,275,299,322,321,320,297
299,1337,853,0,228,48,160,183,123,False,23,13,BordD,False,1376,853,1357,887,1317,887,1298,853,1317,819,1357,819,276,0,0,322,298,275
300,43,921,200,200,200,149,166,103,False,1,14,CoinBG,False,82,921,63,955,23,955,4,921,23,887,63,887,277,278,301,0,0,0
301,102,955,0,228,48,242,238,209,False,2,14,BordB,False,141,955,122,989,82,989,63,955,82,921,122,921,278,302,0,0,0,300
302,161,921,200,200,200,129,162,91,False,3,14,BordB,False,200,921,181,955,141,955,122,921,141,887,181,887,279,280,303,0,301,278
303,219,955,0,228,48,237,233,204,False,4,14,BordB,False,258,955,239,989,199,989,180,955,199,921,239,921,280,304,0,0,0,302
304,278,921,200,200,200,129,166,97,False,5,14,BordB,False,317,921,298,955,258,955,239,921,258,887,298,887,281,282,305,0,303,280
305,337,955,0,228,48,240,237,207,False,6,14,BordB,False,376,955,357,989,317,989,298,955,317,921,357,921,282,306,0,0,0,304
306,396,921,200,200,200,149,174,106,False,7,14,BordB,False,435,921,416,955,376,955,357,921,376,887,416,887,283,284,307,0,305,282
307,455,955,0,228,48,241,237,208,False,8,14,BordB,False,494,955,475,989,435,989,416,955,435,921,475,921,284,308,0,0,0,306
308,514,921,200,200,200,150,175,107,False,9,14,BordB,False,553,921,534,955,494,955,475,921,494,887,534,887,285,286,309,0,307,284
309,572,955,0,228,48,237,233,204,False,10,14,BordB,False,611,955,592,989,552,989,533,955,552,921,592,921,286,310,0,0,0,308
310,631,921,200,200,200,143,168,100,False,11,14,BordB,False,670,921,651,955,611,955,592,921,611,887,651,887,287,288,311,0,309,286
311,690,955,0,228,48,241,237,208,False,12,14,BordB,False,729,955,710,989,670,989,651,955,670,921,710,921,288,312,0,0,0,310
312,749,921,200,200,200,164,185,126,False,13,14,BordB,False,788,921,769,955,729,955,710,921,729,887,769,887,289,290,313,0,311,288
313,808,955,0,228,48,239,236,203,False,14,14,BordB,False,847,955,828,989,788,989,769,955,788,921,828,921,290,314,0,0,0,312
314,867,921,200,200,200,163,181,119,False,15,14,BordB,False,906,921,887,955,847,955,828,921,847,887,887,887,291,292,315,0,313,290
315,925,955,0,228,48,244,241,209,False,16,14,BordB,False,964,955,945,989,905,989,886,955,905,921,945,921,292,316,0,0,0,314
316,984,921,200,200,200,153,171,109,False,17,14,BordB,False,1023,921,1004,955,964,955,945,921,964,887,1004,887,293,294,317,0,315,292
317,1043,955,0,228,48,241,238,205,False,18,14,BordB,False,1082,955,1063,989,1023,989,1004,955,1023,921,1063,921,294,318,0,0,0,316
318,1102,921,200,200,200,164,183,118,False,19,14,BordB,False,1141,921,1122,955,1082,955,1063,921,1082,887,1122,887,295,296,319,0,317,294
319,1161,955,0,228,48,244,240,212,False,20,14,BordB,False,1200,955,1181,989,1141,989,1122,955,1141,921,1181,921,296,320,0,0,0,318
320,1220,921,200,200,200,158,176,118,False,21,14,BordB,False,1259,921,1240,955,1200,955,1181,921,1200,887,1240,887,297,298,321,0,319,296
321,1278,955,0,228,48,243,239,210,False,22,14,BordB,False,1317,955,1298,989,1258,989,1239,955,1258,921,1298,921,298,322,0,0,0,320
322,1337,921,200,200,200,163,185,125,False,23,14,CoinBD,False,1376,921,1357,955,1317,955,1298,921,1317,887,1357,887,299,0,0,0,321,298
