Number,CenterX,CenterY,ColorR,ColorG,ColorB,ColorPtR,ColorPtG,ColorPtB,BSelected,Colonne,Ligne,Emplacement,PairImpairLigne,Vertex1X,Vertex1Y,Vertex2X,Vertex2Y,Vertex3X,Vertex3Y,Vertex4X,Vertex4Y,Vertex5X,Vertex5Y,Vertex6X,Vertex6Y,Neighbor1,Neighbor2,Neighbor3,Neighbor4,Neighbor5,Neighbor6,TypeTerrain,IsReference,Supprime,Exempt,objet1,objet2,objet3,objet4,objet5,objet6,objet7,objet8,objet9,objet10,edge1,edge2,edge3,edge4,edge5,edge6
1,105,40,0,228,48,210,223,224,False,1,1,CoinHG,True,139,40,122,70,88,70,71,40,88,10,122,10,0,0,2,17,0,0,2,0,False,False,False,False,False,False,False,False,False,False,False,False,0,0,0,0,0,0
2,156,70,200,200,200,237,243,241,False,2,1,BordH,True,190,70,173,100,139,100,122,70,139,40,173,40,0,3,19,18,17,1,2,0,False,False,False,False,False,False,False,False,False,False,False,False,0,0,0,0,0,0
3,208,40,0,228,48,215,228,229,False,3,1,BordH,True,242,40,225,70,191,70,174,40,191,10,225,10,0,0,4,19,2,0,2,0,False,False,False,False,False,False,False,False,False,False,False,False,0,0,0,0,0,0
4,259,70,200,200,200,240,246,244,False,4,1,BordH,True,293,70,276,100,242,100,225,70,242,40,276,40,0,5,21,20,19,3,2,0,False,False,False,True,False,False,False,False,False,False,False,False,0,0,0,0,0,0
5,311,40,0,228,48,211,222,224,False,5,1,BordH,True,345,40,328,70,294,70,277,40,294,10,328,10,0,0,6,21,4,0,1,0,False,False,False,False,True,False,False,False,False,False,False,False,0,0,0,0,0,0
6,362,70,200,200,200,235,241,239,False,6,1,BordH,True,396,70,379,100,345,100,328,70,345,40,379,40,0,7,23,22,21,5,2,0,False,False,False,False,False,False,False,False,False,False,False,False,0,0,0,2,0,0
7,413,40,0,228,48,207,221,221,False,7,1,BordH,True,447,40,430,70,396,70,379,40,396,10,430,10,0,0,8,23,6,0,2,0,False,False,False,False,False,False,False,False,False,False,False,False,0,0,0,0,0,0
8,465,70,200,200,200,46,71,79,False,8,1,BordH,True,499,70,482,100,448,100,431,70,448,40,482,40,0,9,25,24,23,7,1,0,False,False,False,False,False,False,False,False,False,False,False,False,0,0,0,2,0,0
9,516,40,0,228,48,216,225,228,False,9,1,BordH,True,550,40,533,70,499,70,482,40,499,10,533,10,0,0,10,25,8,0,1,1,False,False,False,False,False,False,False,False,False,False,False,False,0,0,0,0,0,0
10,568,70,200,200,200,99,120,113,False,10,1,BordH,True,602,70,585,100,551,100,534,70,551,40,585,40,0,11,27,26,25,9,1,0,False,False,False,False,False,False,False,False,False,False,False,False,0,0,0,2,0,0
11,619,40,0,228,48,207,220,222,False,11,1,BordH,True,653,40,636,70,602,70,585,40,602,10,636,10,0,0,12,27,10,0,1,0,False,False,False,False,False,False,False,False,False,False,False,False,0,0,0,0,0,0
12,671,70,200,200,200,25,39,47,False,12,1,BordH,True,705,70,688,100,654,100,637,70,654,40,688,40,0,0,0,28,27,11,1,0,False,False,False,False,False,False,False,False,False,False,False,False,0,0,0,0,0,0
13,722,40,0,228,48,7,32,49,False,13,1,BordH,True,756,40,739,70,705,70,688,40,705,10,739,10,0,0,0,0,12,0,0,0,True,False,False,False,False,False,False,False,False,False,False,False,0,0,0,0,0,0
14,773,70,200,200,200,22,32,38,False,14,1,BordH,True,807,70,790,100,756,100,739,70,756,40,790,40,0,0,0,0,0,0,0,0,True,False,False,False,False,False,False,False,False,False,False,False,0,0,0,0,0,0
15,825,40,0,228,48,18,36,43,False,15,1,BordH,True,859,40,842,70,808,70,791,40,808,10,842,10,0,0,0,0,0,0,0,0,True,False,False,False,False,False,False,False,False,False,False,False,0,0,0,0,0,0
16,876,70,200,200,200,0,0,0,False,16,1,CoinHD,True,910,70,893,100,859,100,842,70,859,40,893,40,0,0,0,0,0,0,0,0,True,False,False,False,False,False,False,False,False,False,False,False,0,0,0,0,0,0
17,105,99,200,200,200,236,242,240,False,1,2,BordG,False,139,99,122,129,88,129,71,99,88,69,122,69,1,2,18,33,0,0,2,0,False,False,False,False,False,False,False,False,False,False,False,False,0,0,0,0,0,0
18,156,129,0,228,48,248,255,252,False,2,2,Classic,False,190,129,173,159,139,159,122,129,139,99,173,99,2,19,35,34,33,17,2,0,False,False,False,False,False,False,False,False,False,False,False,False,0,0,0,0,0,0
19,208,99,200,200,200,255,255,255,False,3,2,Classic,False,242,99,225,129,191,129,174,99,191,69,225,69,3,4,20,35,18,2,2,2,False,False,False,False,False,False,False,False,False,False,False,False,0,0,0,0,0,0
20,259,129,0,228,48,243,248,246,False,4,2,Classic,False,293,129,276,159,242,159,225,129,242,99,276,99,4,21,37,36,35,19,2,0,False,False,False,True,False,False,False,False,False,False,False,False,0,0,2,0,0,0
21,311,99,200,200,200,243,248,247,False,5,2,Classic,False,345,99,328,129,294,129,277,99,294,69,328,69,5,6,22,37,20,4,1,0,False,False,False,False,True,False,False,False,False,False,False,False,0,0,2,0,0,0
22,362,129,0,228,48,102,112,111,False,6,2,Classic,False,396,129,379,159,345,159,328,129,345,99,379,99,6,23,39,38,37,21,1,0,False,False,False,False,False,False,False,False,False,False,False,False,2,2,0,0,2,2
23,413,99,200,200,200,41,74,76,False,7,2,Classic,False,447,99,430,129,396,129,379,99,396,69,430,69,7,8,24,39,22,6,1,0,False,False,False,False,False,False,False,False,False,False,False,False,0,0,2,2,2,0
24,465,129,0,228,48,239,248,250,False,8,2,Classic,False,499,129,482,159,448,159,431,129,448,99,482,99,8,25,41,40,39,23,0,0,False,False,False,False,False,False,False,False,False,False,False,False,2,2,0,0,0,2
25,516,99,200,200,200,42,87,77,False,9,2,Classic,False,550,99,533,129,499,129,482,99,499,69,533,69,9,10,26,41,24,8,3,0,False,False,False,False,False,False,False,False,False,False,False,False,0,0,2,2,2,0
26,568,129,0,228,48,202,213,210,False,10,2,Classic,False,602,129,585,159,551,159,534,129,551,99,585,99,10,27,43,42,41,25,1,0,False,False,False,False,False,False,False,False,False,False,False,False,2,2,2,0,0,2
27,619,99,200,200,200,4,28,20,False,11,2,Classic,False,653,99,636,129,602,129,585,99,602,69,636,69,11,12,28,43,26,10,1,0,False,False,False,False,False,False,False,False,False,False,False,False,0,0,0,0,2,0
28,671,129,0,228,48,21,32,33,False,12,2,Classic,False,705,129,688,159,654,159,637,129,654,99,688,99,12,0,0,44,43,27,1,0,False,False,False,False,False,False,False,False,False,False,False,False,0,0,0,0,0,0
29,722,99,200,200,200,22,40,54,False,13,2,Classic,False,756,99,739,129,705,129,688,99,705,69,739,69,0,0,0,0,28,12,0,0,True,False,False,False,False,False,False,False,False,False,False,False,0,0,0,0,0,0
30,773,129,0,228,48,22,39,46,False,14,2,Classic,False,807,129,790,159,756,159,739,129,756,99,790,99,0,0,0,0,0,0,0,0,True,False,False,False,False,False,False,False,False,False,False,False,0,0,0,0,0,0
31,825,99,200,200,200,43,54,63,False,15,2,Classic,False,859,99,842,129,808,129,791,99,808,69,842,69,0,0,0,0,0,0,0,0,True,False,False,False,False,False,False,False,False,False,False,False,0,0,0,0,0,0
32,876,129,0,228,48,0,0,0,False,16,2,BordD,False,910,129,893,159,859,159,842,129,859,99,893,99,0,0,0,0,0,0,0,0,True,False,False,False,False,False,False,False,False,False,False,False,0,0,0,0,0,0
33,105,159,0,228,48,235,239,238,False,1,3,BordG,True,139,159,122,189,88,189,71,159,88,129,122,129,17,18,34,49,0,0,3,3,False,False,False,False,False,False,False,False,False,False,False,False,0,0,0,0,0,0
34,156,188,200,200,200,245,248,248,False,2,3,Classic,True,190,188,173,218,139,218,122,188,139,158,173,158,18,35,51,50,49,33,2,0,False,False,False,False,False,False,False,False,False,False,False,False,0,0,0,0,0,0
35,208,159,0,228,48,241,245,244,False,3,3,Classic,True,242,159,225,189,191,189,174,159,191,129,225,129,19,20,36,51,34,18,2,0,False,False,False,False,False,False,False,False,False,False,False,False,0,0,0,0,0,0
36,259,188,200,200,200,173,192,185,False,4,3,Classic,True,293,188,276,218,242,218,225,188,242,158,276,158,20,37,53,52,51,35,2,0,False,False,False,True,False,False,False,False,False,False,False,False,0,2,2,2,0,0
37,311,159,0,228,48,50,70,68,False,5,3,Classic,True,345,159,328,189,294,189,277,159,294,129,328,129,21,22,38,53,36,20,1,0,False,False,False,False,True,False,False,False,False,False,False,False,0,2,2,0,2,2
38,362,188,200,200,200,61,80,76,False,6,3,Classic,True,396,188,379,218,345,218,328,188,345,158,379,158,22,39,55,54,53,37,2,0,False,False,False,False,False,False,False,False,False,False,False,False,0,0,0,0,2,2
39,413,159,0,228,48,222,234,230,False,7,3,Classic,True,447,159,430,189,396,189,379,159,396,129,430,129,23,24,40,55,38,22,1,0,False,False,False,False,False,False,False,False,False,False,False,False,2,0,0,0,0,0
40,465,188,200,200,200,240,247,244,False,8,3,Classic,True,499,188,482,218,448,218,431,188,448,158,482,158,24,41,57,56,55,39,2,0,False,False,False,False,False,False,False,False,False,False,False,False,0,0,0,0,0,0
41,516,159,0,228,48,20,40,33,False,9,3,Classic,True,550,159,533,189,499,189,482,159,499,129,533,129,25,26,42,57,40,24,2,0,False,False,False,False,False,False,False,False,False,False,False,False,2,0,0,0,0,0
42,568,188,200,200,200,186,213,204,False,10,3,Classic,True,602,188,585,218,551,218,534,188,551,158,585,158,26,43,59,58,57,41,1,0,False,False,False,False,False,False,False,False,False,False,False,False,0,2,0,0,0,0
43,619,159,0,228,48,70,93,101,False,11,3,Classic,True,653,159,636,189,602,189,585,159,602,129,636,129,27,28,44,59,42,26,3,0,False,False,False,False,False,False,False,False,False,False,False,False,0,0,0,2,2,2
44,671,188,200,200,200,197,208,210,False,12,3,Classic,True,705,188,688,218,654,218,637,188,654,158,688,158,28,0,0,60,59,43,3,0,False,False,False,False,False,False,False,False,False,False,False,False,0,0,0,2,2,0
45,722,159,0,228,48,21,30,41,False,13,3,Classic,True,756,159,739,189,705,189,688,159,705,129,739,129,0,0,0,0,44,28,0,0,True,False,False,False,False,False,False,False,False,False,False,False,0,0,0,0,0,0
46,773,188,200,200,200,220,230,232,False,14,3,Classic,True,807,188,790,218,756,218,739,188,756,158,790,158,0,0,0,0,0,0,3,0,True,False,False,False,False,False,False,False,False,False,False,False,0,0,0,0,0,0
47,825,159,0,228,48,10,20,33,False,15,3,Classic,True,859,159,842,189,808,189,791,159,808,129,842,129,0,0,0,0,0,0,0,0,True,False,False,False,False,False,False,False,False,False,False,False,0,0,0,0,0,0
48,876,188,200,200,200,0,0,0,False,16,3,BordD,True,910,188,893,218,859,218,842,188,859,158,893,158,0,0,0,0,0,0,3,0,True,False,False,False,False,False,False,False,False,False,False,False,0,0,0,0,0,0
49,105,218,200,200,200,243,250,248,False,1,4,BordG,False,139,218,122,248,88,248,71,218,88,188,122,188,33,34,50,65,0,0,0,0,False,False,False,False,False,False,False,False,False,False,False,False,0,0,0,0,0,0
50,156,248,0,228,48,236,240,239,False,2,4,Classic,False,190,248,173,278,139,278,122,248,139,218,173,218,34,51,67,66,65,49,2,0,False,False,False,False,False,False,False,False,False,False,False,False,0,0,0,0,0,0
51,208,218,200,200,200,246,249,249,False,3,4,Classic,False,242,218,225,248,191,248,174,218,191,188,225,188,35,36,52,67,50,34,2,0,False,False,False,False,False,False,False,False,False,False,False,False,0,0,2,0,0,0
52,259,248,0,228,48,240,246,244,False,4,4,Classic,False,293,248,276,278,242,278,225,248,242,218,276,218,36,53,69,68,67,51,2,0,False,False,False,True,True,False,False,False,False,False,False,False,2,0,2,0,2,2
53,311,218,200,200,200,240,246,244,False,5,4,Classic,False,345,218,328,248,294,248,277,218,294,188,328,188,37,38,54,69,52,36,2,0,False,False,False,False,True,True,False,False,False,False,False,False,0,2,0,2,0,2
54,362,248,0,228,48,246,252,250,False,6,4,Classic,False,396,248,379,278,345,278,328,248,345,218,379,218,38,55,71,70,69,53,2,0,False,False,False,False,True,False,False,False,False,False,False,False,0,0,0,0,0,0
55,413,218,200,200,200,242,248,246,False,7,4,Classic,False,447,218,430,248,396,248,379,218,396,188,430,188,39,40,56,71,54,38,2,0,False,False,False,False,False,False,False,False,False,False,False,False,0,0,0,0,0,0
56,465,248,0,228,48,252,252,252,False,8,4,Classic,False,499,248,482,278,448,278,431,248,448,218,482,218,40,57,73,72,71,55,2,0,False,False,False,False,False,False,False,False,False,False,False,False,0,0,0,0,0,0
57,516,218,200,200,200,245,249,248,False,9,4,Classic,False,550,218,533,248,499,248,482,218,499,188,533,188,41,42,58,73,56,40,2,0,False,False,False,False,False,False,False,False,False,False,False,False,0,0,0,0,0,0
58,568,248,0,228,48,216,228,224,False,10,4,Classic,False,602,248,585,278,551,278,534,248,551,218,585,218,42,59,75,74,73,57,1,0,False,False,False,False,False,False,False,False,False,False,False,False,0,0,0,0,0,0
59,619,218,200,200,200,217,225,229,False,11,4,Classic,False,653,218,636,248,602,248,585,218,602,188,636,188,43,44,60,75,58,42,3,0,False,False,False,False,False,False,False,False,False,False,False,False,2,2,0,0,0,0
60,671,248,0,228,48,168,181,178,False,12,4,Classic,False,705,248,688,278,654,278,637,248,654,218,688,218,44,0,77,76,75,59,0,0,False,False,False,False,False,False,False,False,False,False,False,False,2,0,5,0,0,0
61,722,218,200,200,200,107,152,162,False,13,4,Classic,False,756,218,739,248,705,248,688,218,705,188,739,188,0,0,0,77,60,44,3,0,True,False,False,False,False,False,False,False,False,False,False,False,0,0,0,0,0,0
62,773,248,0,228,48,216,226,230,False,14,4,Classic,False,807,248,790,278,756,278,739,248,756,218,790,218,0,0,79,78,77,0,0,0,True,False,False,False,False,False,False,False,False,False,False,False,0,0,0,0,0,0
63,825,218,200,200,200,211,223,224,False,15,4,Classic,False,859,218,842,248,808,248,791,218,808,188,842,188,0,0,0,79,0,0,0,0,True,False,False,False,False,False,False,False,False,False,False,False,0,0,0,0,0,0
64,876,248,0,228,48,0,0,0,False,16,4,BordD,False,910,248,893,278,859,278,842,248,859,218,893,218,0,0,0,80,79,0,0,0,True,False,False,False,False,False,False,False,False,False,False,False,0,0,0,0,0,0
65,105,277,0,228,48,235,242,239,False,1,5,BordG,True,139,277,122,307,88,307,71,277,88,247,122,247,49,50,66,81,0,0,2,0,False,False,False,False,False,False,False,False,False,False,False,False,0,0,0,0,0,0
66,156,307,200,200,200,229,239,236,False,2,5,Classic,True,190,307,173,337,139,337,122,307,139,277,173,277,50,67,83,82,81,65,2,0,False,False,False,False,False,False,False,False,False,False,False,False,0,0,2,2,0,0
67,208,277,0,228,48,239,245,243,False,3,5,Classic,True,242,277,225,307,191,307,174,277,191,247,225,247,51,52,68,83,66,50,2,0,False,False,False,False,False,False,False,False,False,False,False,False,0,2,2,2,0,0
68,259,307,200,200,200,241,247,245,False,4,5,Classic,True,293,307,276,337,242,337,225,307,242,277,276,277,52,69,85,84,83,67,2,0,False,False,False,True,True,False,False,False,False,False,False,False,0,2,2,0,0,2
69,311,277,0,228,48,238,242,241,False,5,5,Classic,True,345,277,328,307,294,307,277,277,294,247,328,247,53,54,70,85,68,52,2,0,False,False,False,False,False,False,False,False,False,False,False,False,2,0,0,0,2,2
70,362,307,200,200,200,243,248,247,False,6,5,Classic,True,396,307,379,337,345,337,328,307,345,277,379,277,54,71,87,86,85,69,2,0,False,False,False,False,False,False,False,False,False,False,False,False,0,0,0,0,0,0
71,413,277,0,228,48,248,251,250,False,7,5,Classic,True,447,277,430,307,396,307,379,277,396,247,430,247,55,56,72,87,70,54,2,0,False,False,False,False,True,False,False,False,False,False,False,False,0,0,0,0,0,0
72,465,307,200,200,200,238,242,241,False,8,5,Classic,True,499,307,482,337,448,337,431,307,448,277,482,277,56,73,89,88,87,71,2,0,False,False,False,False,True,False,False,False,False,False,False,False,0,0,0,0,0,0
73,516,277,0,228,48,73,90,85,False,9,5,Classic,True,550,277,533,307,499,307,482,277,499,247,533,247,57,58,74,89,72,56,2,0,False,False,False,False,False,False,False,False,False,False,False,False,0,0,0,0,0,0
74,568,307,200,200,200,220,232,228,False,10,5,Classic,True,602,307,585,337,551,337,534,307,551,277,585,277,58,75,91,90,89,73,2,0,False,False,False,False,False,False,False,False,False,False,False,False,0,0,0,0,0,0
75,619,277,0,228,48,223,236,232,False,11,5,Classic,True,653,277,636,307,602,307,585,277,602,247,636,247,59,60,76,91,74,58,0,0,False,False,False,False,False,False,False,False,False,False,False,False,0,0,0,0,0,0
76,671,307,200,200,200,207,217,215,False,12,5,Classic,True,705,307,688,337,654,337,637,307,654,277,688,277,60,77,93,92,91,75,3,0,False,False,False,False,False,False,False,False,False,False,False,False,0,5,5,5,0,0
77,722,277,0,228,48,206,215,220,False,13,5,Classic,True,756,277,739,307,705,307,688,277,705,247,739,247,0,0,78,93,76,60,0,0,False,False,False,False,False,False,False,False,False,False,False,False,0,0,0,0,5,5
78,773,307,200,200,200,237,241,240,False,14,5,Classic,True,807,307,790,337,756,337,739,307,756,277,790,277,0,79,95,94,93,77,0,0,False,False,False,False,False,False,False,False,False,False,False,False,0,0,0,0,0,0
79,825,277,0,228,48,201,214,217,False,15,5,Classic,True,859,277,842,307,808,307,791,277,808,247,842,247,0,0,80,95,78,0,2,0,False,False,False,False,False,False,False,False,False,False,False,False,0,0,0,0,0,0
80,876,307,200,200,200,0,0,0,False,16,5,BordD,True,910,307,893,337,859,337,842,307,859,277,893,277,0,0,0,96,95,79,0,0,False,False,False,False,False,False,False,False,False,False,False,False,0,0,0,0,0,0
81,105,337,200,200,200,228,248,249,False,1,6,BordG,False,139,337,122,367,88,367,71,337,88,307,122,307,65,66,82,97,0,0,2,0,False,False,False,False,False,False,False,False,False,False,False,False,0,0,2,2,0,0
82,156,367,0,228,48,148,185,198,False,2,6,Classic,False,190,367,173,397,139,397,122,367,139,337,173,337,66,83,99,98,97,81,2,0,False,False,False,False,False,False,False,False,False,False,False,False,2,0,2,0,0,2
83,208,337,200,200,200,242,242,242,False,3,6,Classic,False,242,337,225,367,191,367,174,337,191,307,225,307,67,68,84,99,82,66,2,0,False,False,False,False,True,False,False,False,False,False,False,False,2,0,2,0,0,2
84,259,367,0,228,48,239,246,243,False,4,6,Classic,False,293,367,276,397,242,397,225,367,242,337,276,337,68,85,101,100,99,83,2,0,False,False,False,True,False,False,False,False,False,False,False,False,0,0,0,0,0,2
85,311,337,200,200,200,248,252,251,False,5,6,Classic,False,345,337,328,367,294,367,277,337,294,307,328,307,69,70,86,101,84,68,3,0,False,False,False,False,False,False,False,False,False,False,False,False,0,0,0,0,0,2
86,362,367,0,228,48,246,250,249,False,6,6,Classic,False,396,367,379,397,345,397,328,367,345,337,379,337,70,87,103,102,101,85,2,0,False,False,False,False,False,True,False,False,False,False,False,False,0,0,0,0,0,0
87,413,337,200,200,200,243,249,247,False,7,6,Classic,False,447,337,430,367,396,367,379,337,396,307,430,307,71,72,88,103,86,70,2,0,False,False,False,False,False,False,False,False,False,False,False,False,0,0,0,0,0,0
88,465,367,0,228,48,235,239,238,False,8,6,Classic,False,499,367,482,397,448,397,431,367,448,337,482,337,72,89,105,104,103,87,2,0,False,False,False,False,False,False,False,False,False,False,False,False,0,0,0,0,0,0
89,516,337,200,200,200,241,245,244,False,9,6,Classic,False,550,337,533,367,499,367,482,337,499,307,533,307,73,74,90,105,88,72,2,0,False,False,False,False,True,True,False,False,False,False,False,False,0,0,0,0,0,0
90,568,367,0,228,48,246,252,250,False,10,6,Classic,False,602,367,585,397,551,397,534,367,551,337,585,337,74,91,107,106,105,89,2,0,False,False,False,False,True,False,False,False,False,False,False,False,0,0,0,0,0,0
91,619,337,200,200,200,167,204,218,False,11,6,Classic,False,653,337,636,367,602,367,585,337,602,307,636,307,75,76,92,107,90,74,3,0,False,False,False,False,False,False,False,False,False,False,False,False,0,0,5,0,0,0
92,671,367,0,228,48,190,208,207,False,12,6,Classic,False,705,367,688,397,654,397,637,367,654,337,688,337,76,93,109,108,107,91,0,0,False,False,False,False,False,False,False,False,False,False,False,False,5,0,0,0,5,5
93,722,337,200,200,200,236,240,240,False,13,6,Classic,False,756,337,739,367,705,367,688,337,705,307,739,307,77,78,94,109,92,76,3,0,False,False,False,False,False,False,False,False,False,False,False,False,0,0,0,0,0,5
94,773,367,0,228,48,242,247,246,False,14,6,Classic,False,807,367,790,397,756,397,739,367,756,337,790,337,78,95,111,110,109,93,2,0,False,False,False,False,False,False,False,False,False,False,False,False,0,0,0,0,0,0
95,825,337,200,200,200,204,215,211,False,15,6,Classic,False,859,337,842,367,808,367,791,337,808,307,842,307,79,80,96,111,94,78,2,0,False,False,False,False,False,False,False,False,False,False,False,False,0,0,0,0,0,0
96,876,367,0,228,48,0,0,0,False,16,6,BordD,False,910,367,893,397,859,397,842,367,859,337,893,337,80,0,0,112,111,95,0,0,False,False,False,False,False,False,False,False,False,False,False,False,0,0,0,0,0,0
97,105,396,0,228,48,243,250,247,False,1,7,BordG,True,139,396,122,426,88,426,71,396,88,366,122,366,81,82,98,113,0,0,0,0,False,False,False,True,False,False,False,False,False,False,False,False,2,0,0,2,0,0
98,156,426,200,200,200,178,177,177,False,2,7,Classic,True,190,426,173,456,139,456,122,426,139,396,173,396,82,99,115,114,113,97,0,0,False,False,False,True,False,False,False,False,False,False,False,False,0,2,0,2,2,0
99,208,396,0,228,48,242,246,245,False,3,7,Classic,True,242,396,225,426,191,426,174,396,191,366,225,366,83,84,100,115,98,82,3,0,False,False,False,True,True,False,False,False,False,False,False,False,0,0,0,0,2,2
100,259,426,200,200,200,236,242,240,False,4,7,Classic,True,293,426,276,456,242,456,225,426,242,396,276,396,84,101,117,116,115,99,2,0,False,False,False,False,False,False,False,False,False,False,False,False,0,0,0,0,0,0
101,311,396,0,228,48,234,238,236,False,5,7,Classic,True,345,396,328,426,294,426,277,396,294,366,328,366,85,86,102,117,100,84,2,0,False,False,False,False,False,False,False,False,False,False,False,False,0,0,0,0,0,0
102,362,426,200,200,200,236,240,239,False,6,7,Classic,True,396,426,379,456,345,456,328,426,345,396,379,396,86,103,119,118,117,101,2,0,False,False,False,False,False,False,False,False,False,False,False,False,0,0,0,0,0,0
103,413,396,0,228,48,239,244,242,False,7,7,Classic,True,447,396,430,426,396,426,379,396,396,366,430,366,87,88,104,119,102,86,2,0,False,False,False,False,False,False,False,False,False,False,False,False,0,0,0,0,0,0
104,465,426,200,200,200,242,248,246,False,8,7,Classic,True,499,426,482,456,448,456,431,426,448,396,482,396,88,105,121,120,119,103,2,0,False,False,False,False,False,False,False,False,False,False,False,False,0,0,0,0,0,0
105,516,396,0,228,48,245,249,248,False,9,7,Classic,True,550,396,533,426,499,426,482,396,499,366,533,366,89,90,106,121,104,88,2,0,False,False,False,False,False,False,False,False,False,False,False,False,0,0,0,0,0,0
106,568,426,200,200,200,231,237,235,False,10,7,Classic,True,602,426,585,456,551,456,534,426,551,396,585,396,90,107,123,122,121,105,2,0,False,False,False,False,True,False,False,False,False,False,False,False,0,0,0,0,0,0
107,619,396,0,228,48,230,236,234,False,11,7,Classic,True,653,396,636,426,602,426,585,396,602,366,636,366,91,92,108,123,106,90,2,0,False,False,False,False,False,False,False,False,False,False,False,False,0,5,5,0,0,0
108,671,426,200,200,200,226,238,234,False,12,7,Classic,True,705,426,688,456,654,456,637,426,654,396,688,396,92,109,125,124,123,107,2,0,False,False,False,False,False,False,False,False,False,False,False,False,0,0,0,0,5,5
109,722,396,0,228,48,241,246,245,False,13,7,Classic,True,756,396,739,426,705,426,688,396,705,366,739,366,93,94,110,125,108,92,0,0,False,False,False,False,False,False,False,False,False,False,False,False,0,0,0,0,0,0
110,773,426,200,200,200,240,246,244,False,14,7,Classic,True,807,426,790,456,756,456,739,426,756,396,790,396,94,111,127,126,125,109,2,0,False,False,False,False,False,False,False,False,False,False,False,False,0,0,0,0,0,0
111,825,396,0,228,48,248,253,252,False,15,7,Classic,True,859,396,842,426,808,426,791,396,808,366,842,366,95,96,112,127,110,94,2,0,False,False,False,False,False,False,False,False,False,False,False,False,0,0,0,0,0,0
112,876,426,200,200,200,0,0,0,False,16,7,BordD,True,910,426,893,456,859,456,842,426,859,396,893,396,96,0,0,128,127,111,0,0,False,False,False,True,False,False,False,False,False,False,False,False,0,0,0,0,0,0
113,105,456,200,200,200,244,245,244,False,1,8,BordG,False,139,456,122,486,88,486,71,456,88,426,122,426,97,98,114,129,0,0,2,0,False,False,False,False,True,False,False,False,False,False,False,False,2,2,0,0,0,0
114,156,485,0,228,48,151,160,152,False,2,8,Classic,False,190,485,173,515,139,515,122,485,139,455,173,455,98,115,131,130,129,113,2,0,False,False,False,False,True,False,False,False,False,False,False,False,2,0,0,0,0,0
115,208,456,200,200,200,240,245,245,False,3,8,Classic,False,242,456,225,486,191,486,174,456,191,426,225,426,99,100,116,131,114,98,0,0,False,False,True,True,True,False,False,False,False,False,False,False,0,0,0,0,0,0
116,259,485,0,228,48,248,251,250,False,4,8,Classic,False,293,485,276,515,242,515,225,485,242,455,276,455,100,117,133,132,131,115,2,0,False,False,False,True,False,False,False,False,False,False,False,False,0,0,0,0,0,0
117,311,456,200,200,200,234,238,237,False,5,8,Classic,False,345,456,328,486,294,486,277,456,294,426,328,426,101,102,118,133,116,100,2,0,False,False,False,False,False,False,False,False,False,False,False,False,0,0,0,0,0,0
118,362,485,0,228,48,234,237,238,False,6,8,Classic,False,396,485,379,515,345,515,328,485,345,455,379,455,102,119,135,134,133,117,2,0,False,False,False,False,False,False,False,False,False,False,False,False,0,0,0,0,0,0
119,413,456,200,200,200,241,242,242,False,7,8,Classic,False,447,456,430,486,396,486,379,456,396,426,430,426,103,104,120,135,118,102,2,0,False,False,False,False,False,False,False,False,False,False,False,False,0,0,0,0,0,0
120,465,485,0,228,48,239,244,243,False,8,8,Classic,False,499,485,482,515,448,515,431,485,448,455,482,455,104,121,137,136,135,119,0,0,False,False,False,True,False,True,False,False,False,False,False,False,0,0,0,0,0,0
121,516,456,200,200,200,244,248,247,False,9,8,Classic,False,550,456,533,486,499,486,482,456,499,426,533,426,105,106,122,137,120,104,2,0,False,False,False,False,False,False,False,False,False,False,False,False,0,0,0,0,0,0
122,568,485,0,228,48,153,189,204,False,10,8,Classic,False,602,485,585,515,551,515,534,485,551,455,585,455,106,123,139,138,137,121,0,0,False,False,False,True,False,False,False,False,False,False,False,False,0,0,5,0,0,0
123,619,456,200,200,200,252,252,252,False,11,8,Classic,False,653,456,636,486,602,486,585,456,602,426,636,426,107,108,124,139,122,106,0,0,False,False,True,True,True,False,False,False,False,False,False,False,0,5,0,0,0,0
124,671,485,0,228,48,244,250,248,False,12,8,Classic,False,705,485,688,515,654,515,637,485,654,455,688,455,108,125,141,140,139,123,4,4,False,False,True,True,True,False,False,False,False,False,False,False,0,0,0,0,0,0
125,722,456,200,200,200,239,244,243,False,13,8,Classic,False,756,456,739,486,705,486,688,456,705,426,739,426,109,110,126,141,124,108,2,0,False,False,False,True,False,False,False,False,False,False,False,False,0,0,0,0,0,0
126,773,485,0,228,48,242,246,245,False,14,8,Classic,False,807,485,790,515,756,515,739,485,756,455,790,455,110,127,143,142,141,125,0,0,False,False,False,True,False,False,False,False,False,False,False,False,0,0,0,0,0,0
127,825,456,200,200,200,247,250,249,False,15,8,Classic,False,859,456,842,486,808,486,791,456,808,426,842,426,111,112,128,143,126,110,0,0,False,False,False,True,False,False,False,False,False,False,False,False,0,0,0,0,0,0
128,876,485,0,228,48,0,0,0,False,16,8,BordD,False,910,485,893,515,859,515,842,485,859,455,893,455,112,0,0,144,143,127,0,0,False,False,False,False,False,False,False,False,False,False,False,False,0,0,0,0,0,0
129,105,515,0,228,48,247,250,249,False,1,9,BordG,True,139,515,122,545,88,545,71,515,88,485,122,485,113,114,130,145,0,0,0,0,False,False,False,False,False,False,False,False,False,False,False,False,0,0,0,0,0,0
130,156,545,200,200,200,246,250,249,False,2,9,Classic,True,190,545,173,575,139,575,122,545,139,515,173,515,114,131,147,146,145,129,0,0,False,False,False,False,False,False,False,False,False,False,False,False,0,0,0,0,0,0
131,208,515,0,228,48,239,243,242,False,3,9,Classic,True,242,515,225,545,191,545,174,515,191,485,225,485,115,116,132,147,130,114,2,0,False,False,False,True,False,False,False,False,False,False,False,False,0,0,0,0,0,0
132,259,545,200,200,200,248,252,251,False,4,9,Classic,True,293,545,276,575,242,575,225,545,242,515,276,515,116,133,149,148,147,131,0,0,False,False,False,False,False,False,False,False,False,False,False,False,0,0,0,0,0,0
133,311,515,0,228,48,248,252,251,False,5,9,Classic,True,345,515,328,545,294,545,277,515,294,485,328,485,117,118,134,149,132,116,2,0,False,False,False,True,False,False,False,False,False,False,False,False,0,0,0,0,0,0
134,362,545,200,200,200,239,243,242,False,6,9,Classic,True,396,545,379,575,345,575,328,545,345,515,379,515,118,135,151,150,149,133,0,0,False,False,False,True,False,False,False,False,False,False,False,False,0,0,0,0,0,0
135,413,515,0,228,48,252,252,252,False,7,9,Classic,True,447,515,430,545,396,545,379,515,396,485,430,485,119,120,136,151,134,118,0,0,False,False,False,True,False,False,False,False,False,False,False,False,0,0,0,0,0,0
136,465,545,200,200,200,248,252,251,False,8,9,Classic,True,499,545,482,575,448,575,431,545,448,515,482,515,120,137,153,152,151,135,0,0,False,False,False,False,False,False,False,False,False,False,False,False,0,0,0,0,0,0
137,516,515,0,228,48,241,245,245,False,9,9,Classic,True,550,515,533,545,499,545,482,515,499,485,533,485,121,122,138,153,136,120,3,0,False,False,False,True,False,True,False,False,False,False,False,False,0,0,0,0,0,0
138,568,545,200,200,200,246,249,249,False,10,9,Classic,True,602,545,585,575,551,575,534,545,551,515,585,515,122,139,155,154,153,137,0,0,False,False,False,False,False,False,False,False,False,False,False,False,0,5,5,0,0,0
139,619,515,0,228,48,237,237,231,False,11,9,Classic,True,653,515,636,545,602,545,585,515,602,485,636,485,123,124,140,155,138,122,0,0,False,False,False,True,False,False,False,False,False,False,False,False,0,0,0,0,5,5
140,671,545,200,200,200,239,245,243,False,12,9,Classic,True,705,545,688,575,654,575,637,545,654,515,688,515,124,141,157,156,155,139,3,0,False,False,False,False,True,False,False,False,False,False,False,False,0,0,0,0,0,0
141,722,515,0,228,48,246,251,250,False,13,9,Classic,True,756,515,739,545,705,545,688,515,705,485,739,485,125,126,142,157,140,124,4,0,False,False,False,False,False,False,False,False,False,False,False,False,0,0,0,0,0,0
142,773,545,200,200,200,243,249,247,False,14,9,Classic,True,807,545,790,575,756,575,739,545,756,515,790,515,126,143,159,158,157,141,0,0,False,False,False,False,False,False,False,False,False,False,False,False,0,0,0,0,0,0
143,825,515,0,228,48,246,246,245,False,15,9,Classic,True,859,515,842,545,808,545,791,515,808,485,842,485,127,128,144,159,142,126,0,0,False,False,False,False,False,False,False,False,False,False,False,False,0,0,0,0,0,0
144,876,545,200,200,200,0,0,0,False,16,9,BordD,True,910,545,893,575,859,575,842,545,859,515,893,515,128,0,0,160,159,143,0,0,False,False,False,False,False,False,False,False,False,False,False,False,0,0,0,0,0,0
145,105,574,200,200,200,244,248,247,False,1,10,BordG,False,139,574,122,604,88,604,71,574,88,544,122,544,129,130,146,161,0,0,0,0,False,False,False,False,False,False,False,False,False,False,False,False,0,0,0,0,0,0
146,156,604,0,228,48,240,247,244,False,2,10,Classic,False,190,604,173,634,139,634,122,604,139,574,173,574,130,147,163,162,161,145,0,0,False,False,False,True,False,False,False,False,False,False,False,False,0,0,0,0,0,0
147,208,574,200,200,200,242,246,245,False,3,10,Classic,False,242,574,225,604,191,604,174,574,191,544,225,544,131,132,148,163,146,130,0,0,False,False,False,True,False,False,False,False,False,False,False,False,0,0,0,0,0,0
148,259,604,0,228,48,253,252,252,False,4,10,Classic,False,293,604,276,634,242,634,225,604,242,574,276,574,132,149,165,164,163,147,0,0,False,False,False,False,False,False,False,False,False,False,False,False,0,0,0,0,0,0
149,311,574,200,200,200,248,248,248,False,5,10,Classic,False,345,574,328,604,294,604,277,574,294,544,328,544,133,134,150,165,148,132,2,0,False,False,False,False,False,False,False,False,False,False,False,False,0,0,0,0,0,0
150,362,604,0,228,48,250,250,250,False,6,10,Classic,False,396,604,379,634,345,634,328,604,345,574,379,574,134,151,167,166,165,149,0,0,False,False,False,False,False,False,False,False,False,False,False,False,0,0,0,0,0,0
151,413,574,200,200,200,242,246,245,False,7,10,Classic,False,447,574,430,604,396,604,379,574,396,544,430,544,135,136,152,167,150,134,3,0,False,False,False,False,False,False,False,False,False,False,False,False,0,0,0,0,0,0
152,465,604,0,228,48,245,245,244,False,8,10,Classic,False,499,604,482,634,448,634,431,604,448,574,482,574,136,153,169,168,167,151,3,0,False,False,False,False,False,False,False,False,False,False,False,False,0,0,0,0,0,0
153,516,574,200,200,200,244,248,247,False,9,10,Classic,False,550,574,533,604,499,604,482,574,499,544,533,544,137,138,154,169,152,136,0,0,False,False,False,False,False,True,False,False,False,False,False,False,0,0,0,0,0,0
154,568,604,0,228,48,241,242,242,False,10,10,Classic,False,602,604,585,634,551,634,534,604,551,574,585,574,138,155,171,170,169,153,0,0,False,False,False,True,False,False,False,False,False,False,False,False,0,5,0,0,0,0
155,619,574,200,200,200,245,250,248,False,11,10,Classic,False,653,574,636,604,602,604,585,574,602,544,636,544,139,140,156,171,154,138,0,0,False,False,False,True,False,False,False,False,False,False,False,False,0,0,0,5,5,5
156,671,604,0,228,48,245,249,248,False,12,10,Classic,False,705,604,688,634,654,634,637,604,654,574,688,574,140,157,173,172,171,155,0,0,False,False,False,False,True,False,False,False,False,False,False,False,0,0,0,0,5,0
157,722,574,200,200,200,248,252,251,False,13,10,Classic,False,756,574,739,604,705,604,688,574,705,544,739,544,141,142,158,173,156,140,0,0,False,False,False,False,False,True,False,False,False,False,False,False,0,0,0,0,0,0
158,773,604,0,228,48,250,251,251,False,14,10,Classic,False,807,604,790,634,756,634,739,604,756,574,790,574,142,159,175,174,173,157,0,0,False,False,False,False,False,False,False,False,False,False,False,False,0,0,0,0,0,0
159,825,574,200,200,200,244,248,247,False,15,10,Classic,False,859,574,842,604,808,604,791,574,808,544,842,544,143,144,160,175,158,142,2,0,False,False,False,False,False,False,False,False,False,False,False,False,0,0,0,0,0,0
160,876,604,0,228,48,0,0,0,False,16,10,BordD,False,910,604,893,634,859,634,842,604,859,574,893,574,144,0,0,176,175,159,0,0,False,False,False,False,False,False,False,False,False,False,False,False,0,0,0,0,0,0
161,105,634,0,228,48,245,251,249,False,1,11,BordG,True,139,634,122,664,88,664,71,634,88,604,122,604,145,146,162,177,0,0,0,0,False,False,False,False,False,False,False,False,False,False,False,False,0,0,0,0,0,0
162,156,663,200,200,200,237,237,237,False,2,11,Classic,True,190,663,173,693,139,693,122,663,139,633,173,633,146,163,179,178,177,161,0,0,False,False,False,True,False,False,False,False,False,False,False,False,0,0,0,0,0,0
163,208,634,0,228,48,248,248,248,False,3,11,Classic,True,242,634,225,664,191,664,174,634,191,604,225,604,147,148,164,179,162,146,0,0,False,False,False,False,False,False,False,False,False,False,False,False,0,0,0,0,0,0
164,259,663,200,200,200,250,250,250,False,4,11,Classic,True,293,663,276,693,242,693,225,663,242,633,276,633,148,165,181,180,179,163,0,0,False,False,False,False,False,False,False,False,False,False,False,False,0,0,0,0,0,0
165,311,634,0,228,48,242,245,245,False,5,11,Classic,True,345,634,328,664,294,664,277,634,294,604,328,604,149,150,166,181,164,148,0,0,False,False,False,False,False,False,False,False,False,False,False,False,0,0,0,0,0,0
166,362,663,200,200,200,249,249,249,False,6,11,Classic,True,396,663,379,693,345,693,328,663,345,633,379,633,150,167,183,182,181,165,0,0,False,False,False,False,False,False,False,False,False,False,False,False,0,0,0,0,0,0
167,413,634,0,228,48,249,253,252,False,7,11,Classic,True,447,634,430,664,396,664,379,634,396,604,430,604,151,152,168,183,166,150,0,0,False,False,False,False,False,False,False,False,False,False,False,False,0,0,0,0,0,0
168,465,663,200,200,200,240,244,243,False,8,11,Classic,True,499,663,482,693,448,693,431,663,448,633,482,633,152,169,185,184,183,167,0,0,False,False,False,True,False,False,False,False,False,False,False,False,0,0,0,0,0,0
169,516,634,0,228,48,238,244,242,False,9,11,Classic,True,550,634,533,664,499,664,482,634,499,604,533,604,153,154,170,185,168,152,0,0,False,False,False,True,False,False,False,False,False,False,False,False,0,0,0,0,0,0
170,568,663,200,200,200,246,246,246,False,10,11,Classic,True,602,663,585,693,551,693,534,663,551,633,585,633,154,171,187,186,185,169,0,0,False,False,False,False,False,True,False,False,False,False,False,False,0,0,0,0,0,0
171,619,634,0,228,48,245,248,247,False,11,11,Classic,True,653,634,636,664,602,664,585,634,602,604,636,604,155,156,172,187,170,154,5,0,False,False,False,False,False,False,False,False,False,False,False,False,5,5,5,0,0,0
172,671,663,200,200,200,244,244,244,False,12,11,Classic,True,705,663,688,693,654,693,637,663,654,633,688,633,156,173,189,188,187,171,3,0,False,False,False,False,True,False,False,False,False,False,False,False,0,0,0,0,5,5
173,722,634,0,228,48,246,249,249,False,13,11,Classic,True,756,634,739,664,705,664,688,634,705,604,739,604,157,158,174,189,172,156,0,0,False,False,False,False,False,False,False,False,False,False,False,False,0,0,0,0,0,0
174,773,663,200,200,200,247,252,251,False,14,11,Classic,True,807,663,790,693,756,693,739,663,756,633,790,633,158,175,191,190,189,173,0,0,False,False,False,False,False,False,False,False,False,False,False,False,0,0,0,0,0,0
175,825,634,0,228,48,243,243,243,False,15,11,Classic,True,859,634,842,664,808,664,791,634,808,604,842,604,159,160,176,191,174,158,0,0,False,False,False,False,False,False,False,False,False,False,False,False,0,0,0,0,0,0
176,876,663,200,200,200,0,0,0,False,16,11,BordD,True,910,663,893,693,859,693,842,663,859,633,893,633,160,0,0,192,191,175,0,0,False,False,False,False,False,False,False,False,False,False,False,False,0,0,0,0,0,0
177,105,693,200,200,200,239,240,240,False,1,12,BordG,False,139,693,122,723,88,723,71,693,88,663,122,663,161,162,178,193,0,0,0,0,False,False,False,True,False,False,False,False,False,False,False,False,0,0,0,0,0,0
178,156,723,0,228,48,234,234,234,False,2,12,Classic,False,190,723,173,753,139,753,122,723,139,693,173,693,162,179,195,194,193,177,0,0,False,False,False,False,False,False,False,False,False,False,False,False,0,0,0,0,0,0
179,208,693,200,200,200,240,240,240,False,3,12,Classic,False,242,693,225,723,191,723,174,693,191,663,225,663,163,164,180,195,178,162,0,0,False,False,False,False,False,False,False,False,False,False,False,False,0,0,0,0,0,0
180,259,723,0,228,48,250,250,250,False,4,12,Classic,False,293,723,276,753,242,753,225,723,242,693,276,693,164,181,197,196,195,179,3,0,False,False,False,False,False,False,False,False,False,False,False,False,0,0,0,0,0,0
181,311,693,200,200,200,249,249,249,False,5,12,Classic,False,345,693,328,723,294,723,277,693,294,663,328,663,165,166,182,197,180,164,0,0,False,False,False,False,False,True,False,False,False,False,False,False,0,0,0,0,0,0
182,362,723,0,228,48,249,249,249,False,6,12,Classic,False,396,723,379,753,345,753,328,723,345,693,379,693,166,183,199,198,197,181,0,0,False,False,False,False,False,False,False,False,False,False,False,False,0,0,0,0,0,0
183,413,693,200,200,200,252,252,252,False,7,12,Classic,False,447,693,430,723,396,723,379,693,396,663,430,663,167,168,184,199,182,166,3,0,False,False,False,False,False,False,False,False,False,False,False,False,0,0,0,0,0,0
184,465,723,0,228,48,240,244,243,False,8,12,Classic,False,499,723,482,753,448,753,431,723,448,693,482,693,168,185,201,200,199,183,0,0,False,False,False,True,False,True,False,False,False,False,False,False,0,0,0,0,0,0
185,516,693,200,200,200,246,246,246,False,9,12,Classic,False,550,693,533,723,499,723,482,693,499,663,533,663,169,170,186,201,184,168,0,0,False,False,False,False,False,False,False,False,False,False,False,False,0,0,0,0,0,0
186,568,723,0,228,48,246,246,246,False,10,12,Classic,False,602,723,585,753,551,753,534,723,551,693,585,693,170,187,203,202,201,185,4,0,False,False,False,False,False,True,False,False,False,False,False,False,0,0,5,0,0,0
187,619,693,200,200,200,245,249,247,False,11,12,Classic,False,653,693,636,723,602,723,585,693,602,663,636,663,171,172,188,203,186,170,3,0,False,False,False,False,False,False,False,False,False,False,False,False,0,5,5,5,0,0
188,671,723,0,228,48,244,245,245,False,12,12,Classic,False,705,723,688,753,654,753,637,723,654,693,688,693,172,189,205,204,203,187,0,0,False,False,False,False,True,False,False,False,False,False,False,False,0,0,0,0,0,5
189,722,693,200,200,200,242,244,243,False,13,12,Classic,False,756,693,739,723,705,723,688,693,705,663,739,663,173,174,190,205,188,172,0,0,False,False,False,False,False,False,False,False,False,False,False,False,0,0,0,0,0,0
190,773,723,0,228,48,249,249,249,False,14,12,Classic,False,807,723,790,753,756,753,739,723,756,693,790,693,174,191,207,206,205,189,0,0,False,False,False,False,False,False,False,False,False,False,False,False,0,0,0,0,0,0
191,825,693,200,200,200,249,249,249,False,15,12,Classic,False,859,693,842,723,808,723,791,693,808,663,842,663,175,176,192,207,190,174,0,0,False,False,False,False,False,False,False,False,False,False,False,False,0,0,0,0,0,0
192,876,723,0,228,48,0,0,0,False,16,12,BordD,False,910,723,893,753,859,753,842,723,859,693,893,693,176,0,0,208,207,191,0,0,False,False,False,False,False,False,False,False,False,False,False,False,0,0,0,0,0,0
193,105,752,0,228,48,240,240,240,False,1,13,BordG,True,139,752,122,782,88,782,71,752,88,722,122,722,177,178,194,209,0,0,2,0,False,False,False,True,False,False,False,False,False,False,False,False,0,0,0,0,0,0
194,156,782,200,200,200,227,227,227,False,2,13,Classic,True,190,782,173,812,139,812,122,782,139,752,173,752,178,195,211,210,209,193,0,0,False,False,False,False,False,False,False,False,False,False,False,False,0,0,0,0,0,0
195,208,752,0,228,48,244,244,244,False,3,13,Classic,True,242,752,225,782,191,782,174,752,191,722,225,722,179,180,196,211,194,178,3,0,False,False,False,False,False,False,False,False,False,False,False,False,0,0,0,0,0,0
196,259,782,200,200,200,244,248,246,False,4,13,Classic,True,293,782,276,812,242,812,225,782,242,752,276,752,180,197,213,212,211,195,0,0,False,False,False,False,False,False,False,False,False,False,False,False,0,0,0,0,0,0
197,311,752,0,228,48,249,249,249,False,5,13,Classic,True,345,752,328,782,294,782,277,752,294,722,328,722,181,182,198,213,196,180,0,0,False,False,False,False,False,False,False,False,False,False,False,False,0,0,0,0,0,0
198,362,782,200,200,200,251,251,251,False,6,13,Classic,True,396,782,379,812,345,812,328,782,345,752,379,752,182,199,215,214,213,197,0,0,False,False,False,False,False,False,False,False,False,False,False,False,0,0,0,0,0,0
199,413,752,0,228,48,250,251,250,False,7,13,Classic,True,447,752,430,782,396,782,379,752,396,722,430,722,183,184,200,215,198,182,0,0,False,False,False,True,False,False,False,False,False,False,False,False,0,0,0,0,0,0
200,465,782,200,200,200,242,246,245,False,8,13,Classic,True,499,782,482,812,448,812,431,782,448,752,482,752,184,201,217,216,215,199,0,0,False,False,False,False,False,False,False,False,False,False,False,False,0,0,0,0,0,0
201,516,752,0,228,48,246,251,249,False,9,13,Classic,True,550,752,533,782,499,782,482,752,499,722,533,722,185,186,202,217,200,184,0,0,False,False,False,False,False,False,False,False,False,False,False,False,0,0,0,0,0,0
202,568,782,200,200,200,253,252,252,False,10,13,Classic,True,602,782,585,812,551,812,534,782,551,752,585,752,186,203,219,218,217,201,0,0,False,False,False,False,False,False,False,False,False,False,False,False,0,5,5,0,0,0
203,619,752,0,228,48,239,243,241,False,11,13,Classic,True,653,752,636,782,602,782,585,752,602,722,636,722,187,188,204,219,202,186,0,0,False,False,False,False,False,False,False,False,False,False,False,False,5,0,0,0,5,5
204,671,782,200,200,200,242,246,245,False,12,13,Classic,True,705,782,688,812,654,812,637,782,654,752,688,752,188,205,221,220,219,203,3,0,False,False,False,False,True,False,False,False,False,False,False,False,0,0,0,0,0,0
205,722,752,0,228,48,244,243,243,False,13,13,Classic,True,756,752,739,782,705,782,688,752,705,722,739,722,189,190,206,221,204,188,0,0,False,False,False,False,False,False,False,False,False,False,False,False,0,0,0,0,0,0
206,773,782,200,200,200,243,243,243,False,14,13,Classic,True,807,782,790,812,756,812,739,782,756,752,790,752,190,207,223,222,221,205,0,0,False,False,False,False,False,False,False,False,False,False,False,False,0,0,0,0,0,0
207,825,752,0,228,48,243,243,243,False,15,13,Classic,True,859,752,842,782,808,782,791,752,808,722,842,722,191,192,208,223,206,190,3,0,False,False,False,False,False,False,False,False,False,False,False,False,0,0,0,0,0,0
208,876,782,200,200,200,0,0,0,False,16,13,BordD,True,910,782,893,812,859,812,842,782,859,752,893,752,192,0,0,224,223,207,0,0,False,False,False,False,False,False,False,False,False,False,False,False,0,0,0,0,0,0
209,105,812,200,200,200,245,249,248,False,1,14,BordG,False,139,812,122,842,88,842,71,812,88,782,122,782,193,194,210,225,0,0,0,0,False,False,False,True,False,False,False,False,False,False,False,False,0,0,0,0,0,0
210,156,841,0,228,48,253,253,253,False,2,14,Classic,False,190,841,173,871,139,871,122,841,139,811,173,811,194,211,227,226,225,209,3,0,False,False,False,False,False,False,False,False,False,False,False,False,0,0,0,0,0,0
211,208,812,200,200,200,249,252,250,False,3,14,Classic,False,242,812,225,842,191,842,174,812,191,782,225,782,195,196,212,227,210,194,0,0,False,False,False,False,False,False,False,False,False,False,False,False,0,0,0,0,0,0
212,259,841,0,228,48,249,249,249,False,4,14,Classic,False,293,841,276,871,242,871,225,841,242,811,276,811,196,213,229,228,227,211,0,0,False,False,False,False,False,False,False,False,False,False,False,False,0,0,0,0,0,0
213,311,812,200,200,200,253,253,253,False,5,14,Classic,False,345,812,328,842,294,842,277,812,294,782,328,782,197,198,214,229,212,196,0,0,False,False,False,False,False,False,False,False,False,False,False,False,0,0,0,0,0,0
214,362,841,0,228,48,251,250,251,False,6,14,Classic,False,396,841,379,871,345,871,328,841,345,811,379,811,198,215,231,230,229,213,0,0,False,False,False,True,False,False,False,False,False,False,False,False,0,0,0,0,0,0
215,413,812,200,200,200,250,254,253,False,7,14,Classic,False,447,812,430,842,396,842,379,812,396,782,430,782,199,200,216,231,214,198,0,0,False,False,False,True,False,False,False,False,False,False,False,False,0,0,0,0,0,0
216,465,841,0,228,48,244,244,244,False,8,14,Classic,False,499,841,482,871,448,871,431,841,448,811,482,811,200,217,233,232,231,215,0,0,False,False,False,False,False,False,False,False,False,False,False,False,0,0,0,0,0,0
217,516,812,200,200,200,247,252,251,False,9,14,Classic,False,550,812,533,842,499,842,482,812,499,782,533,782,201,202,218,233,216,200,0,0,False,False,False,False,False,False,False,False,False,False,False,False,0,0,0,0,0,0
218,568,841,0,228,48,248,252,250,False,10,14,Classic,False,602,841,585,871,551,871,534,841,551,811,585,811,202,219,235,234,233,217,0,0,False,False,False,False,False,True,False,False,False,False,False,False,0,5,5,5,0,0
219,619,812,200,200,200,232,237,236,False,11,14,Classic,False,653,812,636,842,602,842,585,812,602,782,636,782,203,204,220,235,218,202,0,0,False,False,False,False,True,False,False,False,False,False,False,False,0,0,0,0,5,5
220,671,841,0,228,48,240,245,245,False,12,14,Classic,False,705,841,688,871,654,871,637,841,654,811,688,811,204,221,237,236,235,219,0,0,False,False,False,False,False,False,False,False,False,False,False,False,0,0,0,0,0,0
221,722,812,200,200,200,237,241,240,False,13,14,Classic,False,756,812,739,842,705,842,688,812,705,782,739,782,205,206,222,237,220,204,0,0,False,False,False,False,False,False,False,False,False,False,False,False,0,0,0,0,0,0
222,773,841,0,228,48,240,243,243,False,14,14,Classic,False,807,841,790,871,756,871,739,841,756,811,790,811,206,223,239,238,237,221,5,0,False,False,False,False,False,False,False,False,False,False,False,False,0,0,0,0,0,0
223,825,812,200,200,200,241,245,244,False,15,14,Classic,False,859,812,842,842,808,842,791,812,808,782,842,782,207,208,224,239,222,206,0,0,False,False,False,False,False,False,False,False,False,False,False,False,0,0,0,0,0,0
224,876,841,0,228,48,0,0,0,False,16,14,BordD,False,910,841,893,871,859,871,842,841,859,811,893,811,208,0,0,240,239,223,0,0,False,False,False,False,False,False,False,False,False,False,False,False,0,0,0,0,0,0
225,105,871,0,228,48,250,250,250,False,1,15,BordG,True,139,871,122,901,88,901,71,871,88,841,122,841,209,210,226,0,0,0,0,0,False,False,False,True,False,False,False,False,False,False,False,False,0,0,0,0,0,0
226,156,901,200,200,200,243,248,246,False,2,15,Classic,True,190,901,173,931,139,931,122,901,139,871,173,871,210,227,243,0,0,225,3,0,False,False,False,False,False,False,False,False,False,False,False,False,0,0,0,0,0,0
227,208,871,0,228,48,245,244,244,False,3,15,Classic,True,242,871,225,901,191,901,174,871,191,841,225,841,211,212,228,243,226,210,0,0,False,False,False,False,False,False,False,False,False,False,False,False,0,0,0,0,0,0
228,259,901,200,200,200,241,244,243,False,4,15,Classic,True,293,901,276,931,242,931,225,901,242,871,276,871,212,229,245,244,243,227,0,0,False,False,False,False,False,False,False,False,False,False,False,False,0,0,0,0,0,0
229,311,871,0,228,48,249,250,250,False,5,15,Classic,True,345,871,328,901,294,901,277,871,294,841,328,841,213,214,230,245,228,212,0,0,False,False,False,False,False,False,False,False,False,False,False,False,0,0,0,0,0,0
230,362,901,200,200,200,244,248,247,False,6,15,Classic,True,396,901,379,931,345,931,328,901,345,871,379,871,214,231,247,246,245,229,3,0,False,False,False,True,False,False,False,False,False,False,False,False,0,0,0,0,0,0
231,413,871,0,228,48,249,253,252,False,7,15,Classic,True,447,871,430,901,396,901,379,871,396,841,430,841,215,216,232,247,230,214,0,0,False,False,False,False,False,False,False,False,False,False,False,False,0,0,0,0,0,0
232,465,901,200,200,200,170,198,210,False,8,15,Classic,True,499,901,482,931,448,931,431,901,448,871,482,871,216,233,249,248,247,231,0,0,False,False,False,False,False,False,False,False,False,False,False,False,0,0,5,5,0,0
233,516,871,0,228,48,182,208,214,False,9,15,Classic,True,550,871,533,901,499,901,482,871,499,841,533,841,217,218,234,249,232,216,5,0,False,False,False,False,False,False,False,False,False,False,False,False,0,0,5,5,0,0
234,568,901,200,200,200,248,251,250,False,10,15,Classic,True,602,901,585,931,551,931,534,901,551,871,585,871,218,235,251,250,249,233,3,0,False,False,False,False,True,False,False,False,False,False,False,False,5,0,0,0,0,5
235,619,871,0,228,48,245,252,249,False,11,15,Classic,True,653,871,636,901,602,901,585,871,602,841,636,841,219,220,236,251,234,218,3,0,False,False,False,False,True,True,False,False,False,False,False,False,0,0,0,0,0,5
236,671,901,200,200,200,187,218,229,False,12,15,Classic,True,705,901,688,931,654,931,637,901,654,871,688,871,220,237,253,252,251,235,0,0,False,False,False,False,False,False,False,False,False,False,False,False,0,0,0,0,0,0
237,722,871,0,228,48,237,241,240,False,13,15,Classic,True,756,871,739,901,705,901,688,871,705,841,739,841,221,222,238,253,236,220,0,0,False,False,False,False,False,False,False,False,False,False,False,False,0,0,0,0,0,0
238,773,901,200,200,200,246,251,250,False,14,15,Classic,True,807,901,790,931,756,931,739,901,756,871,790,871,222,239,255,254,253,237,0,0,False,False,False,False,False,False,False,False,False,False,False,False,0,0,0,0,0,0
239,825,871,0,228,48,243,247,246,False,15,15,Classic,True,859,871,842,901,808,901,791,871,808,841,842,841,223,224,240,255,238,222,0,0,False,False,False,False,False,False,False,False,False,False,False,False,0,0,0,0,0,0
240,876,901,200,200,200,0,0,0,False,16,15,BordD,True,910,901,893,931,859,931,842,901,859,871,893,871,224,0,0,256,255,239,0,0,False,False,False,False,False,True,False,False,False,False,False,False,0,0,0,0,0,0
241,105,930,200,200,200,244,248,247,False,1,16,BordG,False,139,930,122,960,88,960,71,930,88,900,122,900,225,226,242,257,0,0,5,0,False,True,False,False,False,False,False,False,False,False,False,False,0,0,0,0,0,0
242,156,960,0,228,48,175,206,220,False,2,16,Classic,False,190,960,173,990,139,990,122,960,139,930,173,930,226,243,259,258,257,0,0,0,False,True,False,False,False,False,False,False,False,False,False,False,0,0,0,0,0,0
243,208,930,200,200,200,240,244,243,False,3,16,Classic,False,242,930,225,960,191,960,174,930,191,900,225,900,227,228,244,0,0,226,5,0,False,False,False,False,False,False,False,False,False,False,False,False,0,0,0,0,0,0
244,259,960,0,228,48,249,255,253,False,4,16,Classic,False,293,960,276,990,242,990,225,960,242,930,276,930,228,245,261,260,0,243,0,0,False,False,False,True,False,False,False,False,False,False,False,False,0,0,0,5,0,0
245,311,930,200,200,200,249,249,249,False,5,16,Classic,False,345,930,328,960,294,960,277,930,294,900,328,900,229,230,246,261,244,228,3,0,False,False,False,True,False,False,False,False,False,False,False,False,0,0,0,0,0,0
246,362,960,0,228,48,248,252,251,False,6,16,Classic,False,396,960,379,990,345,990,328,960,345,930,379,930,230,247,263,262,261,245,0,0,False,False,False,False,False,False,False,False,False,False,False,False,0,0,0,0,0,0
247,413,930,200,200,200,169,193,203,False,7,16,Classic,False,447,930,430,960,396,960,379,930,396,900,430,900,231,232,248,263,246,230,5,0,False,False,False,False,False,False,False,False,False,False,False,False,0,0,5,0,0,0
248,465,960,0,228,48,250,250,250,False,8,16,Classic,False,499,960,482,990,448,990,431,960,448,930,482,930,232,249,265,264,263,247,0,0,False,False,False,False,True,False,False,False,False,False,False,False,5,0,0,0,0,5
249,516,930,200,200,200,242,246,245,False,9,16,Classic,False,550,930,533,960,499,960,482,930,499,900,533,900,233,234,250,265,248,232,3,0,False,False,False,False,True,True,False,False,False,False,False,False,5,0,0,0,0,5
250,568,960,0,228,48,247,253,251,False,10,16,Classic,False,602,960,585,990,551,990,534,960,551,930,585,930,234,251,267,266,265,249,3,0,False,False,False,False,False,False,False,False,False,False,False,False,0,0,0,0,0,0
251,619,930,200,200,200,247,252,251,False,11,16,Classic,False,653,930,636,960,602,960,585,930,602,900,636,900,235,236,252,267,250,234,3,0,False,False,False,False,False,False,False,False,False,False,False,False,0,0,0,0,0,0
252,671,960,0,228,48,244,251,248,False,12,16,Classic,False,705,960,688,990,654,990,637,960,654,930,688,930,236,253,0,268,267,251,0,0,False,False,False,False,False,False,False,False,False,False,False,False,0,0,0,0,0,0
253,722,930,200,200,200,249,249,249,False,13,16,Classic,False,756,930,739,960,705,960,688,930,705,900,739,900,237,238,254,0,252,236,0,0,False,False,False,False,False,False,False,False,False,False,False,False,0,0,0,0,0,0
254,773,960,0,228,48,250,253,252,False,14,16,Classic,False,807,960,790,990,756,990,739,960,756,930,790,930,238,255,0,0,0,253,0,0,False,False,False,False,False,False,False,False,False,False,False,False,0,0,0,0,0,0
255,825,930,200,200,200,247,251,250,False,15,16,Classic,False,859,930,842,960,808,960,791,930,808,900,842,900,239,240,256,0,254,238,0,0,False,False,False,False,False,False,False,False,False,False,False,False,0,0,0,0,0,0
256,876,960,0,228,48,0,0,0,False,16,16,BordD,False,910,960,893,990,859,990,842,960,859,930,893,930,240,0,0,0,0,255,0,0,False,False,False,False,False,False,False,False,False,False,False,False,0,0,0,0,0,0
257,105,990,0,228,48,93,111,126,False,1,17,BordG,True,139,990,122,1020,88,1020,71,990,88,960,122,960,0,0,258,273,0,0,5,5,False,True,False,False,False,False,False,False,False,False,False,False,0,0,0,0,0,0
258,156,1020,200,200,200,113,118,117,False,2,17,Classic,True,190,1020,173,1050,139,1050,122,1020,139,990,173,990,0,0,275,274,273,0,5,0,False,False,False,True,False,False,False,False,False,False,False,False,0,0,0,0,0,0
259,208,990,0,228,48,222,224,224,False,3,17,Classic,True,242,990,225,1020,191,1020,174,990,191,960,225,960,243,244,260,275,258,0,5,0,False,True,False,True,False,True,False,False,False,False,False,False,0,0,0,0,0,0
260,259,1020,200,200,200,243,247,247,False,4,17,Classic,True,293,1020,276,1050,242,1050,225,1020,242,990,276,990,244,261,277,276,275,0,0,0,False,False,False,False,False,False,False,False,False,False,False,False,5,0,0,0,0,0
261,311,990,0,228,48,248,254,252,False,5,17,Classic,True,345,990,328,1020,294,1020,277,990,294,960,328,960,245,246,262,277,260,244,0,0,False,False,False,False,False,False,False,False,False,False,False,False,0,0,0,0,0,0
262,362,1020,200,200,200,177,211,223,False,6,17,Classic,True,396,1020,379,1050,345,1050,328,1020,345,990,379,990,246,263,279,278,277,261,0,0,False,False,False,False,True,False,False,False,False,False,False,False,0,0,5,0,0,0
263,413,990,0,228,48,237,241,240,False,7,17,Classic,True,447,990,430,1020,396,1020,379,990,396,960,430,960,247,248,264,279,262,246,3,0,False,False,False,False,True,False,False,False,False,False,False,False,0,0,5,5,0,0
264,465,1020,200,200,200,248,252,251,False,8,17,Classic,True,499,1020,482,1050,448,1050,431,1020,448,990,482,990,248,265,281,280,279,263,0,0,False,False,False,False,False,False,False,False,False,False,False,False,0,0,0,0,0,5
265,516,990,0,228,48,240,243,243,False,9,17,Classic,True,550,990,533,1020,499,1020,482,990,499,960,533,960,249,250,266,281,264,248,0,0,False,False,False,False,False,False,False,False,False,False,False,False,0,0,0,0,0,0
266,568,1020,200,200,200,248,254,252,False,10,17,Classic,True,602,1020,585,1050,551,1050,534,1020,551,990,585,990,250,267,283,282,281,265,0,0,False,False,False,False,False,False,False,False,False,False,False,False,0,0,0,0,0,0
267,619,990,0,228,48,246,250,249,False,11,17,Classic,True,653,990,636,1020,602,1020,585,990,602,960,636,960,251,252,268,283,266,250,0,0,False,False,False,False,False,True,False,False,False,False,False,False,0,0,0,0,0,0
268,671,1020,200,200,200,80,208,236,False,12,17,Classic,True,705,1020,688,1050,654,1050,637,1020,654,990,688,990,252,0,0,284,283,267,0,0,False,False,False,False,False,False,False,False,False,False,False,False,0,0,0,0,0,0
269,722,990,0,228,48,244,248,247,False,13,17,Classic,True,756,990,739,1020,705,1020,688,990,705,960,739,960,253,254,0,0,268,252,0,0,True,False,False,False,False,False,False,False,False,False,False,False,0,0,0,0,0,0
270,773,1020,200,200,200,149,206,215,False,14,17,Classic,True,807,1020,790,1050,756,1050,739,1020,756,990,790,990,254,0,0,0,0,0,5,0,True,False,False,False,False,False,False,False,False,False,False,False,0,0,0,0,0,0
271,825,990,0,228,48,236,241,239,False,15,17,Classic,True,859,990,842,1020,808,1020,791,990,808,960,842,960,255,256,0,0,0,254,0,0,True,False,False,False,False,False,False,False,False,False,False,False,0,0,0,0,0,0
272,876,1020,200,200,200,0,0,0,False,16,17,BordD,True,910,1020,893,1050,859,1050,842,1020,859,990,893,990,256,0,0,0,0,0,0,0,True,False,False,False,False,False,False,False,False,False,False,False,0,0,0,0,0,0
273,105,1049,200,200,200,163,169,167,False,1,18,BordG,False,139,1049,122,1079,88,1079,71,1049,88,1019,122,1019,0,258,274,289,0,0,3,0,False,False,False,True,False,False,False,False,False,False,False,False,0,0,0,0,0,0
274,156,1079,0,228,48,130,134,133,False,2,18,Classic,False,190,1079,173,1109,139,1109,122,1079,139,1049,173,1049,258,275,291,290,289,273,3,0,False,False,False,False,False,False,False,False,False,False,False,False,0,0,0,0,0,0
275,208,1049,200,200,200,243,247,247,False,3,18,Classic,False,242,1049,225,1079,191,1079,174,1049,191,1019,225,1019,0,260,276,291,274,258,0,0,False,False,False,True,False,False,False,False,False,False,False,False,0,0,0,0,0,0
276,259,1079,0,228,48,238,242,241,False,4,18,Classic,False,293,1079,276,1109,242,1109,225,1079,242,1049,276,1049,260,277,293,292,291,275,0,0,False,False,False,False,False,False,False,False,False,False,False,False,0,0,0,0,0,0
277,311,1049,200,200,200,247,254,251,False,5,18,Classic,False,345,1049,328,1079,294,1079,277,1049,294,1019,328,1019,261,262,278,293,276,260,0,0,False,False,False,False,True,False,False,False,False,False,False,False,0,0,0,0,0,0
278,362,1079,0,228,48,251,255,254,False,6,18,Classic,False,396,1079,379,1109,345,1109,328,1079,345,1049,379,1049,262,279,295,294,293,277,0,0,False,False,False,False,False,False,False,False,False,False,False,False,0,5,5,0,0,0
279,413,1049,200,200,200,242,246,246,False,7,18,Classic,False,447,1049,430,1079,396,1079,379,1049,396,1019,430,1019,263,264,280,295,278,262,0,0,False,False,False,False,False,False,False,False,False,False,False,False,5,0,0,0,5,5
280,465,1079,0,228,48,244,248,247,False,8,18,Classic,False,499,1079,482,1109,448,1109,431,1079,448,1049,482,1049,264,281,297,296,295,279,0,0,False,False,False,False,False,False,False,False,False,False,False,False,0,0,0,0,0,0
281,516,1049,200,200,200,244,248,247,False,9,18,Classic,False,550,1049,533,1079,499,1079,482,1049,499,1019,533,1019,265,266,282,297,280,264,0,0,False,False,False,False,False,False,False,False,False,False,False,False,0,0,0,0,0,0
282,568,1079,0,228,48,153,195,208,False,10,18,Classic,False,602,1079,585,1109,551,1109,534,1079,551,1049,585,1049,266,283,299,298,297,281,0,0,False,False,False,False,False,False,False,False,False,False,False,False,0,0,0,0,0,0
283,619,1049,200,200,200,235,241,239,False,11,18,Classic,False,653,1049,636,1079,602,1079,585,1049,602,1019,636,1019,267,268,284,299,282,266,0,0,False,False,False,False,False,False,False,False,False,False,False,False,0,0,0,0,0,0
284,671,1079,0,228,48,254,254,254,False,12,18,Classic,False,705,1079,688,1109,654,1109,637,1079,654,1049,688,1049,268,0,0,300,299,283,0,0,False,False,False,False,False,False,False,False,False,False,False,False,0,0,0,0,0,0
285,722,1049,200,200,200,143,200,209,False,13,18,Classic,False,756,1049,739,1079,705,1079,688,1049,705,1019,739,1019,0,0,0,0,284,268,0,0,True,False,False,False,False,False,False,False,False,False,False,False,0,0,0,0,0,0
286,773,1079,0,228,48,0,103,170,False,14,18,Classic,False,807,1079,790,1109,756,1109,739,1079,756,1049,790,1049,0,0,0,0,0,0,0,0,True,False,False,False,False,False,False,False,False,False,False,False,0,0,0,0,0,0
287,825,1049,200,200,200,148,204,217,False,15,18,Classic,False,859,1049,842,1079,808,1079,791,1049,808,1019,842,1019,0,0,0,0,0,0,0,0,True,False,False,False,False,False,False,False,False,False,False,False,0,0,0,0,0,0
288,876,1079,0,228,48,0,0,0,False,16,18,BordD,False,910,1079,893,1109,859,1109,842,1079,859,1049,893,1049,0,0,0,0,0,0,0,0,True,False,False,False,False,False,False,False,False,False,False,False,0,0,0,0,0,0
289,105,1109,0,228,48,221,226,228,False,1,19,BordG,True,139,1109,122,1139,88,1139,71,1109,88,1079,122,1079,273,274,290,305,0,0,0,0,False,False,False,True,False,False,False,False,False,False,False,False,0,0,0,0,0,0
290,156,1138,200,200,200,117,117,117,False,2,19,Classic,True,190,1138,173,1168,139,1168,122,1138,139,1108,173,1108,274,291,307,0,305,289,0,0,False,False,False,False,True,False,False,False,False,False,False,False,0,0,0,0,0,0
291,208,1109,0,228,48,110,116,114,False,3,19,Classic,True,242,1109,225,1139,191,1139,174,1109,191,1079,225,1079,275,276,292,307,290,274,0,0,False,False,False,False,True,False,False,False,False,False,False,False,0,0,0,0,0,0
292,259,1138,200,200,200,255,255,255,False,4,19,Classic,True,293,1138,276,1168,242,1168,225,1138,242,1108,276,1108,276,293,309,0,307,291,0,0,False,False,False,False,True,False,False,False,False,False,False,False,0,0,0,0,0,0
293,311,1109,0,228,48,250,254,253,False,5,19,Classic,True,345,1109,328,1139,294,1139,277,1109,294,1079,328,1079,277,278,294,309,292,276,3,0,False,False,False,False,True,False,False,False,False,False,False,False,0,0,0,0,0,0
294,362,1138,200,200,200,233,238,237,False,6,19,Classic,True,396,1138,379,1168,345,1168,328,1138,345,1108,379,1108,278,295,311,0,309,293,0,0,False,False,False,False,False,False,False,False,False,False,False,False,0,5,0,0,0,0
295,413,1109,0,228,48,244,250,248,False,7,19,Classic,True,447,1109,430,1139,396,1139,379,1109,396,1079,430,1079,279,280,296,311,294,278,0,0,False,False,False,False,False,True,False,False,False,False,False,False,0,0,0,5,5,5
296,465,1138,200,200,200,235,241,239,False,8,19,Classic,True,499,1138,482,1168,448,1168,431,1138,448,1108,482,1108,280,297,313,0,311,295,0,0,False,False,False,False,False,False,False,False,False,False,False,False,0,0,0,0,0,0
297,516,1109,0,228,48,239,245,243,False,9,19,Classic,True,550,1109,533,1139,499,1139,482,1109,499,1079,533,1079,281,282,298,313,296,280,0,0,False,False,False,False,False,False,False,False,False,False,False,False,0,0,0,0,0,0
298,568,1138,200,200,200,238,243,242,False,10,19,Classic,True,602,1138,585,1168,551,1168,534,1138,551,1108,585,1108,282,299,315,0,313,297,0,0,False,False,False,False,False,False,False,False,False,False,False,False,0,0,0,0,0,0
299,619,1109,0,228,48,242,248,246,False,11,19,Classic,True,653,1109,636,1139,602,1139,585,1109,602,1079,636,1079,283,284,300,315,298,282,0,0,False,False,False,False,False,False,False,False,False,False,False,False,0,0,0,0,0,0
300,671,1138,200,200,200,8,12,16,False,12,19,Classic,True,705,1138,688,1168,654,1168,637,1138,654,1108,688,1108,284,0,0,0,315,299,0,0,False,False,False,False,False,False,False,False,False,False,False,False,0,0,0,0,0,0
301,722,1109,0,228,48,179,225,225,False,13,19,Classic,True,756,1109,739,1139,705,1139,688,1109,705,1079,739,1079,0,0,0,0,300,284,0,0,True,False,False,False,False,False,False,False,False,False,False,False,0,0,0,0,0,0
302,773,1138,200,200,200,28,45,58,False,14,19,Classic,True,807,1138,790,1168,756,1168,739,1138,756,1108,790,1108,0,0,0,0,0,0,0,0,True,False,False,False,False,False,False,False,False,False,False,False,0,0,0,0,0,0
303,825,1109,0,228,48,183,223,230,False,15,19,Classic,True,859,1109,842,1139,808,1139,791,1109,808,1079,842,1079,0,0,0,0,0,0,0,0,True,False,False,False,False,False,False,False,False,False,False,False,0,0,0,0,0,0
304,876,1138,200,200,200,0,0,0,False,16,19,BordD,True,910,1138,893,1168,859,1168,842,1138,859,1108,893,1108,0,0,0,0,0,0,0,0,True,False,False,False,False,False,False,False,False,False,False,False,0,0,0,0,0,0
305,105,1168,200,200,200,37,59,70,False,1,20,CoinBG,False,139,1168,122,1198,88,1198,71,1168,88,1138,122,1138,289,290,0,0,0,0,0,0,False,False,False,False,False,False,False,False,False,False,False,False,0,0,0,0,0,0
306,156,1198,0,228,48,34,56,63,False,2,20,BordB,False,190,1198,173,1228,139,1228,122,1198,139,1168,173,1168,290,307,0,0,0,305,0,0,True,False,False,False,False,False,False,False,False,False,False,False,0,0,0,0,0,0
307,208,1168,200,200,200,82,99,112,False,3,20,BordB,False,242,1168,225,1198,191,1198,174,1168,191,1138,225,1138,291,292,0,0,0,290,0,0,False,False,False,False,False,False,False,False,False,False,False,False,0,0,0,0,0,0
308,259,1198,0,228,48,46,67,81,False,4,20,BordB,False,293,1198,276,1228,242,1228,225,1198,242,1168,276,1168,292,309,0,0,0,307,3,0,True,False,False,False,False,False,False,False,False,False,False,False,0,0,0,0,0,0
309,311,1168,200,200,200,46,64,79,False,5,20,BordB,False,345,1168,328,1198,294,1198,277,1168,294,1138,328,1138,293,294,0,0,0,292,0,0,False,False,False,False,False,False,False,False,False,False,False,False,0,0,0,0,0,0
310,362,1198,0,228,48,35,64,69,False,6,20,BordB,False,396,1198,379,1228,345,1228,328,1198,345,1168,379,1168,294,311,0,0,0,309,0,0,True,False,False,False,False,False,False,False,False,False,False,False,0,0,0,0,0,0
311,413,1168,200,200,200,67,96,109,False,7,20,BordB,False,447,1168,430,1198,396,1198,379,1168,396,1138,430,1138,295,296,0,0,0,294,0,0,False,False,False,False,False,False,False,False,False,False,False,False,5,0,0,0,0,0
312,465,1198,0,228,48,182,181,187,False,8,20,BordB,False,499,1198,482,1228,448,1228,431,1198,448,1168,482,1168,296,313,0,0,0,311,0,0,True,False,False,False,False,False,False,False,False,False,False,False,0,0,0,0,0,0
313,516,1168,200,200,200,247,251,255,False,9,20,BordB,False,550,1168,533,1198,499,1198,482,1168,499,1138,533,1138,297,298,0,0,0,296,0,0,False,False,False,False,False,False,False,False,False,False,False,False,0,0,0,0,0,0
314,568,1198,0,228,48,247,254,253,False,10,20,BordB,False,602,1198,585,1228,551,1228,534,1198,551,1168,585,1168,298,315,0,0,0,313,3,0,True,False,False,False,False,False,False,False,False,False,False,False,0,0,0,0,0,0
315,619,1168,200,200,200,243,249,245,False,11,20,BordB,False,653,1168,636,1198,602,1198,585,1168,602,1138,636,1138,299,300,0,0,0,298,0,0,False,False,False,False,False,False,False,False,False,False,False,False,0,0,0,0,0,0
316,671,1198,0,228,48,199,210,212,False,12,20,BordB,False,705,1198,688,1228,654,1228,637,1198,654,1168,688,1168,300,0,0,0,0,315,0,0,True,False,False,False,False,False,False,False,False,False,False,False,0,0,0,0,0,0
317,722,1168,200,200,200,26,56,66,False,13,20,BordB,False,756,1168,739,1198,705,1198,688,1168,705,1138,739,1138,0,0,0,0,0,300,0,0,True,False,False,False,False,False,False,False,False,False,False,False,0,0,0,0,0,0
318,773,1198,0,228,48,255,255,255,False,14,20,BordB,False,807,1198,790,1228,756,1228,739,1198,756,1168,790,1168,0,0,0,0,0,0,0,0,True,False,False,False,False,False,False,False,False,False,False,False,0,0,0,0,0,0
319,825,1168,200,200,200,29,54,59,False,15,20,BordB,False,859,1168,842,1198,808,1198,791,1168,808,1138,842,1138,0,0,0,0,0,0,0,0,True,False,False,False,False,False,False,False,False,False,False,False,0,0,0,0,0,0
320,876,1198,0,228,48,0,0,0,False,16,20,CoinBD,False,910,1198,893,1228,859,1228,842,1198,859,1168,893,1168,0,0,0,0,0,0,0,0,True,False,False,False,False,False,False,False,False,False,False,False,0,0,0,0,0,0
