Number,CenterX,CenterY,ColorR,ColorG,ColorB,ColorPtR,ColorPtG,ColorPtB,BSelected,Colonne,Ligne,Emplacement,PairImpairLigne,Vertex1X,Vertex1Y,Vertex2X,Vertex2Y,Vertex3X,Vertex3Y,Vertex4X,Vertex4Y,Vertex5X,Vertex5Y,Vertex6X,Vertex6Y,Neighbor1,Neighbor2,Neighbor3,Neighbor4,Neighbor5,Neighbor6,TypeTerrain,IsReference,Supprime,Exempt
1,43,45,0,228,48,34,38,42,False,1,1,CoinHG,True,77,45,60,75,26,75,9,45,26,15,60,15,0,0,0,0,0,0,0,0,True,False
2,94,75,200,200,200,38,42,46,False,2,1,BordH,True,128,75,111,105,77,105,60,75,77,45,111,45,0,0,0,0,0,0,2,0,True,False
3,146,45,0,228,48,228,228,228,False,3,1,BordH,True,180,45,163,75,129,75,112,45,129,15,163,15,0,0,0,0,0,0,0,0,True,False
4,197,75,200,200,200,32,35,39,False,4,1,BordH,True,231,75,214,105,180,105,163,75,180,45,214,45,0,0,0,0,0,0,0,0,True,False
5,249,45,0,228,48,34,37,42,False,5,1,BordH,True,283,45,266,75,232,75,215,45,232,15,266,15,0,0,0,0,0,0,0,0,True,False
6,300,75,200,200,200,31,35,39,False,6,1,BordH,True,334,75,317,105,283,105,266,75,283,45,317,45,0,0,0,0,0,0,0,0,True,False
7,351,45,0,228,48,33,36,41,False,7,1,BordH,True,385,45,368,75,334,75,317,45,334,15,368,15,0,0,8,0,0,0,0,0,True,False
8,403,75,200,200,200,62,99,130,False,8,1,BordH,True,437,75,420,105,386,105,369,75,386,45,420,45,0,9,46,45,0,0,4,0,False,False
9,454,45,0,228,48,68,105,135,False,9,1,BordH,True,488,45,471,75,437,75,420,45,437,15,471,15,0,0,10,46,8,0,4,0,False,False
10,506,75,200,200,200,66,109,141,False,10,1,BordH,True,540,75,523,105,489,105,472,75,489,45,523,45,0,11,48,47,46,9,4,0,False,False
11,557,45,0,228,48,66,102,135,False,11,1,BordH,True,591,45,574,75,540,75,523,45,540,15,574,15,0,0,12,48,10,0,4,0,False,False
12,609,75,200,200,200,63,105,136,False,12,1,BordH,True,643,75,626,105,592,105,575,75,592,45,626,45,0,13,50,49,48,11,4,0,False,False
13,660,45,0,228,48,63,104,135,False,13,1,BordH,True,694,45,677,75,643,75,626,45,643,15,677,15,0,0,14,50,12,0,4,0,False,False
14,711,75,200,200,200,60,95,127,False,14,1,BordH,True,745,75,728,105,694,105,677,75,694,45,728,45,0,15,52,51,50,13,4,0,False,False
15,763,45,0,228,48,55,92,123,False,15,1,BordH,True,797,45,780,75,746,75,729,45,746,15,780,15,0,0,16,52,14,0,4,0,False,False
16,814,75,200,200,200,60,98,131,False,16,1,BordH,True,848,75,831,105,797,105,780,75,797,45,831,45,0,17,54,53,52,15,4,0,False,False
17,866,45,0,228,48,65,107,140,False,17,1,BordH,True,900,45,883,75,849,75,832,45,849,15,883,15,0,0,18,54,16,0,4,0,False,False
18,917,75,200,200,200,63,102,135,False,18,1,BordH,True,951,75,934,105,900,105,883,75,900,45,934,45,0,19,56,55,54,17,4,0,False,False
19,968,45,0,228,48,53,86,115,False,19,1,BordH,True,1002,45,985,75,951,75,934,45,951,15,985,15,0,0,20,56,18,0,4,0,False,False
20,1020,75,200,200,200,60,97,130,False,20,1,BordH,True,1054,75,1037,105,1003,105,986,75,1003,45,1037,45,0,21,58,57,56,19,4,0,False,False
21,1071,45,0,228,48,56,95,126,False,21,1,BordH,True,1105,45,1088,75,1054,75,1037,45,1054,15,1088,15,0,0,22,58,20,0,4,0,False,False
22,1123,75,200,200,200,56,95,129,False,22,1,BordH,True,1157,75,1140,105,1106,105,1089,75,1106,45,1140,45,0,23,60,59,58,21,4,0,False,False
23,1174,45,0,228,48,63,100,129,False,23,1,BordH,True,1208,45,1191,75,1157,75,1140,45,1157,15,1191,15,0,0,24,60,22,0,2,0,False,False
24,1225,75,200,200,200,212,202,182,False,24,1,BordH,True,1259,75,1242,105,1208,105,1191,75,1208,45,1242,45,0,25,62,61,60,23,2,0,False,False
25,1277,45,0,228,48,217,206,183,False,25,1,BordH,True,1311,45,1294,75,1260,75,1243,45,1260,15,1294,15,0,0,26,62,24,0,1,0,False,False
26,1328,75,200,200,200,200,190,163,False,26,1,BordH,True,1362,75,1345,105,1311,105,1294,75,1311,45,1345,45,0,27,64,63,62,25,2,0,False,False
27,1380,45,0,228,48,202,193,170,False,27,1,BordH,True,1414,45,1397,75,1363,75,1346,45,1363,15,1397,15,0,0,28,64,26,0,1,0,False,False
28,1431,75,200,200,200,201,188,164,False,28,1,BordH,True,1465,75,1448,105,1414,105,1397,75,1414,45,1448,45,0,29,66,65,64,27,2,0,False,False
29,1483,45,0,228,48,202,189,165,False,29,1,BordH,True,1517,45,1500,75,1466,75,1449,45,1466,15,1500,15,0,0,30,66,28,0,2,0,False,False
30,1534,75,200,200,200,208,197,171,False,30,1,BordH,True,1568,75,1551,105,1517,105,1500,75,1517,45,1551,45,0,31,68,67,66,29,2,0,False,False
31,1585,45,0,228,48,200,190,169,False,31,1,BordH,True,1619,45,1602,75,1568,75,1551,45,1568,15,1602,15,0,0,32,68,30,0,2,0,False,False
32,1637,75,200,200,200,199,191,167,False,32,1,BordH,True,1671,75,1654,105,1620,105,1603,75,1620,45,1654,45,0,33,70,69,68,31,2,0,False,False
33,1688,45,0,228,48,32,36,40,False,33,1,BordH,True,1722,45,1705,75,1671,75,1654,45,1671,15,1705,15,0,0,34,70,32,0,0,0,False,False
34,1740,75,200,200,200,26,29,32,False,34,1,BordH,True,1774,75,1757,105,1723,105,1706,75,1723,45,1757,45,0,35,72,71,70,33,0,0,False,False
35,1791,45,0,228,48,29,32,37,False,35,1,BordH,True,1825,45,1808,75,1774,75,1757,45,1774,15,1808,15,0,0,36,72,34,0,0,0,False,False
36,1842,75,200,200,200,0,0,0,False,36,1,BordH,True,1876,75,1859,105,1825,105,1808,75,1825,45,1859,45,0,37,74,73,72,35,0,0,False,False
37,1894,45,0,228,48,222,222,222,False,37,1,CoinHD,True,1928,45,1911,75,1877,75,1860,45,1877,15,1911,15,0,0,0,74,36,0,0,0,False,False
38,43,105,200,200,200,37,41,46,False,1,2,BordG,False,77,105,60,135,26,135,9,105,26,75,60,75,0,0,0,0,0,0,0,0,True,False
39,94,134,0,228,48,35,67,94,False,2,2,Classic,False,128,134,111,164,77,164,60,134,77,104,111,104,0,0,0,0,0,0,0,0,True,False
40,146,105,200,200,200,39,43,47,False,3,2,Classic,False,180,105,163,135,129,135,112,105,129,75,163,75,0,0,0,0,0,0,0,0,True,False
41,197,134,0,228,48,193,193,193,False,4,2,Classic,False,231,134,214,164,180,164,163,134,180,104,214,104,0,0,0,0,0,0,0,0,True,False
42,249,105,200,200,200,38,41,46,False,5,2,Classic,False,283,105,266,135,232,135,215,105,232,75,266,75,0,0,0,0,0,0,0,0,True,False
43,300,134,0,228,48,134,134,134,False,6,2,Classic,False,334,134,317,164,283,164,266,134,283,104,317,104,0,0,0,0,0,0,0,0,True,False
44,351,105,200,200,200,31,34,38,False,7,2,Classic,False,385,105,368,135,334,135,317,105,334,75,368,75,0,8,45,0,0,0,0,0,True,False
45,403,134,0,228,48,59,96,127,False,8,2,Classic,False,437,134,420,164,386,164,369,134,386,104,420,104,8,46,83,82,0,0,4,0,False,False
46,454,105,200,200,200,63,103,135,False,9,2,Classic,False,488,105,471,135,437,135,420,105,437,75,471,75,9,10,47,83,45,8,4,0,False,False
47,506,134,0,228,48,63,101,133,False,10,2,Classic,False,540,134,523,164,489,164,472,134,489,104,523,104,10,48,85,84,83,46,4,0,False,False
48,557,105,200,200,200,56,93,124,False,11,2,Classic,False,591,105,574,135,540,135,523,105,540,75,574,75,11,12,49,85,47,10,4,4,False,False
49,609,134,0,228,48,57,94,125,False,12,2,Classic,False,643,134,626,164,592,164,575,134,592,104,626,104,12,50,87,86,85,48,4,0,False,False
50,660,105,200,200,200,63,102,134,False,13,2,Classic,False,694,105,677,135,643,135,626,105,643,75,677,75,13,14,51,87,49,12,4,0,False,False
51,711,134,0,228,48,63,101,132,False,14,2,Classic,False,745,134,728,164,694,164,677,134,694,104,728,104,14,52,89,88,87,50,4,0,False,False
52,763,105,200,200,200,61,102,131,False,15,2,Classic,False,797,105,780,135,746,135,729,105,746,75,780,75,15,16,53,89,51,14,4,0,False,False
53,814,134,0,228,48,66,105,137,False,16,2,Classic,False,848,134,831,164,797,164,780,134,797,104,831,104,16,54,91,90,89,52,4,0,False,False
54,866,105,200,200,200,63,105,138,False,17,2,Classic,False,900,105,883,135,849,135,832,105,849,75,883,75,17,18,55,91,53,16,4,0,False,False
55,917,134,0,228,48,60,96,126,False,18,2,Classic,False,951,134,934,164,900,164,883,134,900,104,934,104,18,56,93,92,91,54,4,0,False,False
56,968,105,200,200,200,64,105,136,False,19,2,Classic,False,1002,105,985,135,951,135,934,105,951,75,985,75,19,20,57,93,55,18,4,0,False,False
57,1020,134,0,228,48,62,100,131,False,20,2,Classic,False,1054,134,1037,164,1003,164,986,134,1003,104,1037,104,20,58,95,94,93,56,2,0,False,False
58,1071,105,200,200,200,63,98,129,False,21,2,Classic,False,1105,105,1088,135,1054,135,1037,105,1054,75,1088,75,21,22,59,95,57,20,4,0,False,False
59,1123,134,0,228,48,208,197,171,False,22,2,Classic,False,1157,134,1140,164,1106,164,1089,134,1106,104,1140,104,22,60,97,96,95,58,2,0,False,False
60,1174,105,200,200,200,197,186,163,False,23,2,Classic,False,1208,105,1191,135,1157,135,1140,105,1157,75,1191,75,23,24,61,97,59,22,2,0,False,False
61,1225,134,0,228,48,206,195,171,False,24,2,Classic,False,1259,134,1242,164,1208,164,1191,134,1208,104,1242,104,24,62,99,98,97,60,2,0,False,False
62,1277,105,200,200,200,199,190,165,False,25,2,Classic,False,1311,105,1294,135,1260,135,1243,105,1260,75,1294,75,25,26,63,99,61,24,2,0,False,False
63,1328,134,0,228,48,202,192,167,False,26,2,Classic,False,1362,134,1345,164,1311,164,1294,134,1311,104,1345,104,26,64,101,100,99,62,2,0,False,False
64,1380,105,200,200,200,210,200,173,False,27,2,Classic,False,1414,105,1397,135,1363,135,1346,105,1363,75,1397,75,27,28,65,101,63,26,2,0,False,False
65,1431,134,0,228,48,204,193,169,False,28,2,Classic,False,1465,134,1448,164,1414,164,1397,134,1414,104,1448,104,28,66,103,102,101,64,2,0,False,False
66,1483,105,200,200,200,207,194,168,False,29,2,Classic,False,1517,105,1500,135,1466,135,1449,105,1466,75,1500,75,29,30,67,103,65,28,2,0,False,False
67,1534,134,0,228,48,198,190,164,False,30,2,Classic,False,1568,134,1551,164,1517,164,1500,134,1517,104,1551,104,30,68,105,104,103,66,2,0,False,False
68,1585,105,200,200,200,202,192,165,False,31,2,Classic,False,1619,105,1602,135,1568,135,1551,105,1568,75,1602,75,31,32,69,105,67,30,2,0,False,False
69,1637,134,0,228,48,201,189,164,False,32,2,Classic,False,1671,134,1654,164,1620,164,1603,134,1620,104,1654,104,32,70,107,106,105,68,2,0,False,False
70,1688,105,200,200,200,205,194,171,False,33,2,Classic,False,1722,105,1705,135,1671,135,1654,105,1671,75,1705,75,33,34,71,107,69,32,2,0,False,False
71,1740,134,0,228,48,212,203,182,False,34,2,Classic,False,1774,134,1757,164,1723,164,1706,134,1723,104,1757,104,34,72,109,108,107,70,2,0,False,False
72,1791,105,200,200,200,198,192,168,False,35,2,Classic,False,1825,105,1808,135,1774,135,1757,105,1774,75,1808,75,35,36,73,109,71,34,2,0,False,False
73,1842,134,0,228,48,198,186,161,False,36,2,Classic,False,1876,134,1859,164,1825,164,1808,134,1825,104,1859,104,36,74,111,110,109,72,2,0,False,False
74,1894,105,200,200,200,207,197,174,False,37,2,BordD,False,1928,105,1911,135,1877,135,1860,105,1877,75,1911,75,37,0,0,111,73,36,2,0,False,False
75,43,164,0,228,48,25,28,31,False,1,3,BordG,True,77,164,60,194,26,194,9,164,26,134,60,134,0,0,0,0,0,0,0,0,True,False
76,94,194,200,200,200,169,169,170,False,2,3,Classic,True,128,194,111,224,77,224,60,194,77,164,111,164,0,0,0,0,0,0,0,0,True,False
77,146,164,0,228,48,32,36,40,False,3,3,Classic,True,180,164,163,194,129,194,112,164,129,134,163,134,0,0,0,0,0,0,0,0,True,False
78,197,194,200,200,200,35,39,43,False,4,3,Classic,True,231,194,214,224,180,224,163,194,180,164,214,164,0,0,0,0,0,0,0,0,True,False
79,249,164,0,228,48,37,41,45,False,5,3,Classic,True,283,164,266,194,232,194,215,164,232,134,266,134,0,0,0,0,0,0,0,0,True,False
80,300,194,200,200,200,225,225,226,False,6,3,Classic,True,334,194,317,224,283,224,266,194,283,164,317,164,0,0,0,0,0,0,0,0,True,False
81,351,164,0,228,48,32,35,39,False,7,3,Classic,True,385,164,368,194,334,194,317,164,334,134,368,134,0,45,82,0,0,0,0,0,True,False
82,403,194,200,200,200,63,99,131,False,8,3,Classic,True,437,194,420,224,386,224,369,194,386,164,420,164,45,83,120,119,0,0,4,0,False,False
83,454,164,0,228,48,67,101,132,False,9,3,Classic,True,488,164,471,194,437,194,420,164,437,134,471,134,46,47,84,120,82,45,4,0,False,False
84,506,194,200,200,200,66,105,134,False,10,3,Classic,True,540,194,523,224,489,224,472,194,489,164,523,164,47,85,122,121,120,83,4,0,False,False
85,557,164,0,228,48,64,100,131,False,11,3,Classic,True,591,164,574,194,540,194,523,164,540,134,574,134,48,49,86,122,84,47,4,0,False,False
86,609,194,200,200,200,63,103,136,False,12,3,Classic,True,643,194,626,224,592,224,575,194,592,164,626,164,49,87,124,123,122,85,4,0,False,False
87,660,164,0,228,48,57,92,125,False,13,3,Classic,True,694,164,677,194,643,194,626,164,643,134,677,134,50,51,88,124,86,49,4,0,False,False
88,711,194,200,200,200,62,99,132,False,14,3,Classic,True,745,194,728,224,694,224,677,194,694,164,728,164,51,89,126,125,124,87,4,0,False,False
89,763,164,0,228,48,64,100,131,False,15,3,Classic,True,797,164,780,194,746,194,729,164,746,134,780,134,52,53,90,126,88,51,4,0,False,False
90,814,194,200,200,200,59,95,125,False,16,3,Classic,True,848,194,831,224,797,224,780,194,797,164,831,164,53,91,128,127,126,89,4,0,False,False
91,866,164,0,228,48,59,95,127,False,17,3,Classic,True,900,164,883,194,849,194,832,164,849,134,883,134,54,55,92,128,90,53,4,0,False,False
92,917,194,200,200,200,201,188,164,False,18,3,Classic,True,951,194,934,224,900,224,883,194,900,164,934,164,55,93,130,129,128,91,2,0,False,False
93,968,164,0,228,48,204,194,170,False,19,3,Classic,True,1002,164,985,194,951,194,934,164,951,134,985,134,56,57,94,130,92,55,2,0,False,False
94,1020,194,200,200,200,224,220,217,False,20,3,Classic,True,1054,194,1037,224,1003,224,986,194,1003,164,1037,164,57,95,132,131,130,93,2,0,False,False
95,1071,164,0,228,48,214,207,184,False,21,3,Classic,True,1105,164,1088,194,1054,194,1037,164,1054,134,1088,134,58,59,96,132,94,57,2,0,False,False
96,1123,194,200,200,200,207,198,174,False,22,3,Classic,True,1157,194,1140,224,1106,224,1089,194,1106,164,1140,164,59,97,134,133,132,95,2,0,False,False
97,1174,164,0,228,48,201,191,164,False,23,3,Classic,True,1208,164,1191,194,1157,194,1140,164,1157,134,1191,134,60,61,98,134,96,59,2,0,False,False
98,1225,194,200,200,200,206,193,167,False,24,3,Classic,True,1259,194,1242,224,1208,224,1191,194,1208,164,1242,164,61,99,136,135,134,97,2,0,False,False
99,1277,164,0,228,48,214,200,177,False,25,3,Classic,True,1311,164,1294,194,1260,194,1243,164,1260,134,1294,134,62,63,100,136,98,61,2,0,False,False
100,1328,194,200,200,200,197,188,167,False,26,3,Classic,True,1362,194,1345,224,1311,224,1294,194,1311,164,1345,164,63,101,138,137,136,99,2,0,False,False
101,1380,164,0,228,48,204,196,172,False,27,3,Classic,True,1414,164,1397,194,1363,194,1346,164,1363,134,1397,134,64,65,102,138,100,63,2,0,False,False
102,1431,194,200,200,200,212,201,174,False,28,3,Classic,True,1465,194,1448,224,1414,224,1397,194,1414,164,1448,164,65,103,140,139,138,101,2,0,False,False
103,1483,164,0,228,48,202,190,165,False,29,3,Classic,True,1517,164,1500,194,1466,194,1449,164,1466,134,1500,134,66,67,104,140,102,65,2,0,False,False
104,1534,194,200,200,200,201,195,171,False,30,3,Classic,True,1568,194,1551,224,1517,224,1500,194,1517,164,1551,164,67,105,142,141,140,103,2,0,False,False
105,1585,164,0,228,48,204,195,168,False,31,3,Classic,True,1619,164,1602,194,1568,194,1551,164,1568,134,1602,134,68,69,106,142,104,67,2,0,False,False
106,1637,194,200,200,200,201,189,165,False,32,3,Classic,True,1671,194,1654,224,1620,224,1603,194,1620,164,1654,164,69,107,144,143,142,105,2,0,False,False
107,1688,164,0,228,48,197,186,167,False,33,3,Classic,True,1722,164,1705,194,1671,194,1654,164,1671,134,1705,134,70,71,108,144,106,69,2,0,False,False
108,1740,194,200,200,200,207,196,174,False,34,3,Classic,True,1774,194,1757,224,1723,224,1706,194,1723,164,1757,164,71,109,146,145,144,107,2,0,False,False
109,1791,164,0,228,48,199,191,167,False,35,3,Classic,True,1825,164,1808,194,1774,194,1757,164,1774,134,1808,134,72,73,110,146,108,71,2,0,False,False
110,1842,194,200,200,200,204,194,167,False,36,3,Classic,True,1876,194,1859,224,1825,224,1808,194,1825,164,1859,164,73,111,148,147,146,109,2,0,False,False
111,1894,164,0,228,48,208,197,170,False,37,3,BordD,True,1928,164,1911,194,1877,194,1860,164,1877,134,1911,134,74,0,0,148,110,73,2,0,False,False
112,43,223,200,200,200,37,41,45,False,1,4,BordG,False,77,223,60,253,26,253,9,223,26,193,60,193,0,0,0,0,0,0,0,0,True,False
113,94,253,0,228,48,81,83,84,False,2,4,Classic,False,128,253,111,283,77,283,60,253,77,223,111,223,0,0,0,0,0,0,0,0,True,False
114,146,223,200,200,200,40,44,48,False,3,4,Classic,False,180,223,163,253,129,253,112,223,129,193,163,193,0,0,0,0,0,0,0,0,True,False
115,197,253,0,228,48,50,53,56,False,4,4,Classic,False,231,253,214,283,180,283,163,253,180,223,214,223,0,0,0,0,0,0,0,0,True,False
116,249,223,200,200,200,28,32,35,False,5,4,Classic,False,283,223,266,253,232,253,215,223,232,193,266,193,0,0,0,0,0,0,0,0,True,False
117,300,253,0,228,48,32,36,40,False,6,4,Classic,False,334,253,317,283,283,283,266,253,283,223,317,223,0,0,0,0,0,0,0,0,True,False
118,351,223,200,200,200,37,41,45,False,7,4,Classic,False,385,223,368,253,334,253,317,223,334,193,368,193,0,82,119,0,0,0,0,0,True,False
119,403,253,0,228,48,216,202,178,False,8,4,Classic,False,437,253,420,283,386,283,369,253,386,223,420,223,82,120,157,156,0,0,4,0,False,False
120,454,223,200,200,200,54,92,121,False,9,4,Classic,False,488,223,471,253,437,253,420,223,437,193,471,193,83,84,121,157,119,82,4,0,False,False
121,506,253,0,228,48,61,95,124,False,10,4,Classic,False,540,253,523,283,489,283,472,253,489,223,523,223,84,122,159,158,157,120,4,0,False,False
122,557,223,200,200,200,61,96,125,False,11,4,Classic,False,591,223,574,253,540,253,523,223,540,193,574,193,85,86,123,159,121,84,4,0,False,False
123,609,253,0,228,48,69,105,135,False,12,4,Classic,False,643,253,626,283,592,283,575,253,592,223,626,223,86,124,161,160,159,122,4,0,False,False
124,660,223,200,200,200,63,104,135,False,13,4,Classic,False,694,223,677,253,643,253,626,223,643,193,677,193,87,88,125,161,123,86,4,0,False,False
125,711,253,0,228,48,70,107,141,False,14,4,Classic,False,745,253,728,283,694,283,677,253,694,223,728,223,88,126,163,162,161,124,2,0,False,False
126,763,223,200,200,200,66,108,140,False,15,4,Classic,False,797,223,780,253,746,253,729,223,746,193,780,193,89,90,127,163,125,88,4,0,False,False
127,814,253,0,228,48,210,200,174,False,16,4,Classic,False,848,253,831,283,797,283,780,253,797,223,831,223,90,128,165,164,163,126,2,0,False,False
128,866,223,200,200,200,197,188,163,False,17,4,Classic,False,900,223,883,253,849,253,832,223,849,193,883,193,91,92,129,165,127,90,2,0,False,False
129,917,253,0,228,48,90,82,78,False,18,4,Classic,False,951,253,934,283,900,283,883,253,900,223,934,223,92,130,167,166,165,128,2,0,False,False
130,968,223,200,200,200,224,220,216,False,19,4,Classic,False,1002,223,985,253,951,253,934,223,951,193,985,193,93,94,131,167,129,92,2,0,False,False
131,1020,253,0,228,48,208,201,178,False,20,4,Classic,False,1054,253,1037,283,1003,283,986,253,1003,223,1037,223,94,132,169,168,167,130,2,0,False,False
132,1071,223,200,200,200,202,193,172,False,21,4,Classic,False,1105,223,1088,253,1054,253,1037,223,1054,193,1088,193,95,96,133,169,131,94,2,0,False,False
133,1123,253,0,228,48,200,186,163,False,22,4,Classic,False,1157,253,1140,283,1106,283,1089,253,1106,223,1140,223,96,134,171,170,169,132,2,0,False,False
134,1174,223,200,200,200,214,200,177,False,23,4,Classic,False,1208,223,1191,253,1157,253,1140,223,1157,193,1191,193,97,98,135,171,133,96,2,0,False,False
135,1225,253,0,228,48,216,201,178,False,24,4,Classic,False,1259,253,1242,283,1208,283,1191,253,1208,223,1242,223,98,136,173,172,171,134,2,0,False,False
136,1277,223,200,200,200,202,194,170,False,25,4,Classic,False,1311,223,1294,253,1260,253,1243,223,1260,193,1294,193,99,100,137,173,135,98,2,0,False,False
137,1328,253,0,228,48,199,190,169,False,26,4,Classic,False,1362,253,1345,283,1311,283,1294,253,1311,223,1345,223,100,138,175,174,173,136,2,0,False,False
138,1380,223,200,200,200,210,198,180,False,27,4,Classic,False,1414,223,1397,253,1363,253,1346,223,1363,193,1397,193,101,102,139,175,137,100,2,0,False,False
139,1431,253,0,228,48,197,188,161,False,28,4,Classic,False,1465,253,1448,283,1414,283,1397,253,1414,223,1448,223,102,140,177,176,175,138,2,0,False,False
140,1483,223,200,200,200,200,188,163,False,29,4,Classic,False,1517,223,1500,253,1466,253,1449,223,1466,193,1500,193,103,104,141,177,139,102,2,0,False,False
141,1534,253,0,228,48,207,195,174,False,30,4,Classic,False,1568,253,1551,283,1517,283,1500,253,1517,223,1551,223,104,142,179,178,177,140,2,0,False,False
142,1585,223,200,200,200,210,200,175,False,31,4,Classic,False,1619,223,1602,253,1568,253,1551,223,1568,193,1602,193,105,106,143,179,141,104,2,0,False,False
143,1637,253,0,228,48,207,196,173,False,32,4,Classic,False,1671,253,1654,283,1620,283,1603,253,1620,223,1654,223,106,144,181,180,179,142,2,0,False,False
144,1688,223,200,200,200,199,188,162,False,33,4,Classic,False,1722,223,1705,253,1671,253,1654,223,1671,193,1705,193,107,108,145,181,143,106,2,0,False,False
145,1740,253,0,228,48,198,188,165,False,34,4,Classic,False,1774,253,1757,283,1723,283,1706,253,1723,223,1757,223,108,146,183,182,181,144,2,0,False,False
146,1791,223,200,200,200,208,198,174,False,35,4,Classic,False,1825,223,1808,253,1774,253,1757,223,1774,193,1808,193,109,110,147,183,145,108,2,0,False,False
147,1842,253,0,228,48,210,195,171,False,36,4,Classic,False,1876,253,1859,283,1825,283,1808,253,1825,223,1859,223,110,148,185,184,183,146,2,0,False,False
148,1894,223,200,200,200,208,196,170,False,37,4,BordD,False,1928,223,1911,253,1877,253,1860,223,1877,193,1911,193,111,0,0,185,147,110,2,0,False,False
149,43,283,0,228,48,39,43,47,False,1,5,BordG,True,77,283,60,313,26,313,9,283,26,253,60,253,0,0,0,0,0,0,0,0,True,False
150,94,312,200,200,200,166,166,166,False,2,5,Classic,True,128,312,111,342,77,342,60,312,77,282,111,282,0,0,0,187,0,0,0,0,True,False
151,146,283,0,228,48,33,36,40,False,3,5,Classic,True,180,283,163,313,129,313,112,283,129,253,163,253,0,0,0,0,0,0,0,0,True,False
152,197,312,200,200,200,40,42,49,False,4,5,Classic,True,231,312,214,342,180,342,163,312,180,282,214,282,0,0,0,189,0,0,0,0,True,False
153,249,283,0,228,48,35,39,43,False,5,5,Classic,True,283,283,266,313,232,313,215,283,232,253,266,253,0,0,0,0,0,0,0,0,True,False
154,300,312,200,200,200,166,166,166,False,6,5,Classic,True,334,312,317,342,283,342,266,312,283,282,317,282,0,0,0,191,0,0,0,0,True,False
155,351,283,0,228,48,36,40,45,False,7,5,Classic,True,385,283,368,313,334,313,317,283,334,253,368,253,0,119,156,0,0,0,0,0,True,False
156,403,312,200,200,200,115,109,105,False,8,5,Classic,True,437,312,420,342,386,342,369,312,386,282,420,282,119,157,194,193,0,0,1,0,False,False
157,454,283,0,228,48,222,213,187,False,9,5,Classic,True,488,283,471,313,437,313,420,283,437,253,471,253,120,121,158,194,156,119,1,0,False,False
158,506,312,200,200,200,222,215,189,False,10,5,Classic,True,540,312,523,342,489,342,472,312,489,282,523,282,121,159,196,195,194,157,1,0,False,False
159,557,283,0,228,48,63,101,135,False,11,5,Classic,True,591,283,574,313,540,313,523,283,540,253,574,253,122,123,160,196,158,121,4,0,False,False
160,609,312,200,200,200,222,207,181,False,12,5,Classic,True,643,312,626,342,592,342,575,312,592,282,626,282,123,161,0,0,196,159,1,0,False,False
161,660,283,0,228,48,222,208,182,False,13,5,Classic,True,694,283,677,313,643,313,626,283,643,253,677,253,124,125,162,0,160,123,2,0,False,False
162,711,312,200,200,200,204,194,169,False,14,5,Classic,True,745,312,728,342,694,342,677,312,694,282,728,282,125,163,200,0,0,161,2,0,False,False
163,763,283,0,228,48,201,191,164,False,15,5,Classic,True,797,283,780,313,746,313,729,283,746,253,780,253,126,127,164,200,162,125,2,0,False,False
164,814,312,200,200,200,224,220,217,False,16,5,Classic,True,848,312,831,342,797,342,780,312,797,282,831,282,127,165,202,201,200,163,2,0,False,False
165,866,283,0,228,48,57,54,51,False,17,5,Classic,True,900,283,883,313,849,313,832,283,849,253,883,253,128,129,166,202,164,127,2,0,False,False
166,917,312,200,200,200,202,188,165,False,18,5,Classic,True,951,312,934,342,900,342,883,312,900,282,934,282,129,167,204,203,202,165,2,0,False,False
167,968,283,0,228,48,211,201,177,False,19,5,Classic,True,1002,283,985,313,951,313,934,283,951,253,985,253,130,131,168,204,166,129,2,0,False,False
168,1020,312,200,200,200,208,197,170,False,20,5,Classic,True,1054,312,1037,342,1003,342,986,312,1003,282,1037,282,131,169,206,205,204,167,2,0,False,False
169,1071,283,0,228,48,199,188,164,False,21,5,Classic,True,1105,283,1088,313,1054,313,1037,283,1054,253,1088,253,132,133,170,206,168,131,2,0,False,False
170,1123,312,200,200,200,199,190,167,False,22,5,Classic,True,1157,312,1140,342,1106,342,1089,312,1106,282,1140,282,133,171,208,207,206,169,2,0,False,False
171,1174,283,0,228,48,186,181,159,False,23,5,Classic,True,1208,283,1191,313,1157,313,1140,283,1157,253,1191,253,134,135,172,208,170,133,2,0,False,False
172,1225,312,200,200,200,205,195,167,False,24,5,Classic,True,1259,312,1242,342,1208,342,1191,312,1208,282,1242,282,135,173,210,209,208,171,2,0,False,False
173,1277,283,0,228,48,199,188,167,False,25,5,Classic,True,1311,283,1294,313,1260,313,1243,283,1260,253,1294,253,136,137,174,210,172,135,2,0,False,False
174,1328,312,200,200,200,210,197,171,False,26,5,Classic,True,1362,312,1345,342,1311,342,1294,312,1311,282,1345,282,137,175,212,211,210,173,2,0,False,False
175,1380,283,0,228,48,205,194,168,False,27,5,Classic,True,1414,283,1397,313,1363,313,1346,283,1363,253,1397,253,138,139,176,212,174,137,2,0,False,False
176,1431,312,200,200,200,194,186,162,False,28,5,Classic,True,1465,312,1448,342,1414,342,1397,312,1414,282,1448,282,139,177,214,213,212,175,2,0,False,False
177,1483,283,0,228,48,205,192,167,False,29,5,Classic,True,1517,283,1500,313,1466,313,1449,283,1466,253,1500,253,140,141,178,214,176,139,2,0,False,False
178,1534,312,200,200,200,197,188,167,False,30,5,Classic,True,1568,312,1551,342,1517,342,1500,312,1517,282,1551,282,141,179,216,215,214,177,2,0,False,False
179,1585,283,0,228,48,207,197,171,False,31,5,Classic,True,1619,283,1602,313,1568,313,1551,283,1568,253,1602,253,142,143,180,216,178,141,2,0,False,False
180,1637,312,200,200,200,202,196,171,False,32,5,Classic,True,1671,312,1654,342,1620,342,1603,312,1620,282,1654,282,143,181,218,217,216,179,2,0,False,False
181,1688,283,0,228,48,204,194,174,False,33,5,Classic,True,1722,283,1705,313,1671,313,1654,283,1671,253,1705,253,144,145,182,218,180,143,2,0,False,False
182,1740,312,200,200,200,198,188,161,False,34,5,Classic,True,1774,312,1757,342,1723,342,1706,312,1723,282,1757,282,145,183,220,219,218,181,2,0,False,False
183,1791,283,0,228,48,207,195,169,False,35,5,Classic,True,1825,283,1808,313,1774,313,1757,283,1774,253,1808,253,146,147,184,220,182,145,2,0,False,False
184,1842,312,200,200,200,204,194,172,False,36,5,Classic,True,1876,312,1859,342,1825,342,1808,312,1825,282,1859,282,147,185,222,221,220,183,2,0,False,False
185,1894,283,0,228,48,210,197,172,False,37,5,BordD,True,1928,283,1911,313,1877,313,1860,283,1877,253,1911,253,148,0,0,222,184,147,2,0,False,False
186,43,342,200,200,200,38,42,47,False,1,6,BordG,False,77,342,60,372,26,372,9,342,26,312,60,312,0,0,187,223,0,0,2,0,True,False
187,94,372,0,228,48,212,198,175,False,2,6,Classic,False,128,372,111,402,77,402,60,372,77,342,111,342,0,0,225,224,223,0,2,0,False,False
188,146,342,200,200,200,41,45,51,False,3,6,Classic,False,180,342,163,372,129,372,112,342,129,312,163,312,0,0,189,225,187,0,0,0,True,False
189,197,372,0,228,48,202,190,165,False,4,6,Classic,False,231,372,214,402,180,402,163,372,180,342,214,342,0,0,227,226,225,0,2,0,False,False
190,249,342,200,200,200,38,41,46,False,5,6,Classic,False,283,342,266,372,232,372,215,342,232,312,266,312,0,0,191,227,189,0,2,0,True,False
191,300,372,0,228,48,203,189,167,False,6,6,Classic,False,334,372,317,402,283,402,266,372,283,342,317,342,0,0,229,228,227,0,2,0,False,False
192,351,342,200,200,200,31,35,39,False,7,6,Classic,False,385,342,368,372,334,372,317,342,334,312,368,312,0,156,193,229,191,0,0,0,True,False
193,403,372,0,228,48,224,213,191,False,8,6,Classic,False,437,372,420,402,386,402,369,372,386,342,420,342,156,194,231,230,229,0,1,0,False,False
194,454,342,200,200,200,219,208,178,False,9,6,Classic,False,488,342,471,372,437,372,420,342,437,312,471,312,157,158,195,231,193,156,1,0,False,False
195,506,372,0,228,48,229,216,187,False,10,6,Classic,False,540,372,523,402,489,402,472,372,489,342,523,342,158,196,233,232,231,194,1,0,False,False
196,557,342,200,200,200,234,224,201,False,11,6,Classic,False,591,342,574,372,540,372,523,342,540,312,574,312,159,160,0,233,195,158,1,0,False,False
197,609,372,0,228,48,215,208,182,False,12,6,Classic,False,643,372,626,402,592,402,575,372,592,342,626,342,160,0,0,234,233,196,1,0,True,False
198,660,342,200,200,200,221,209,182,False,13,6,Classic,False,694,342,677,372,643,372,626,342,643,312,677,312,161,162,0,0,0,160,1,0,True,False
199,711,372,0,228,48,227,216,191,False,14,6,Classic,False,745,372,728,402,694,402,677,372,694,342,728,342,162,200,237,236,0,0,1,0,True,False
200,763,342,200,200,200,202,191,168,False,15,6,Classic,False,797,342,780,372,746,372,729,342,746,312,780,312,163,164,201,237,0,162,2,0,False,False
201,814,372,0,228,48,202,190,168,False,16,6,Classic,False,848,372,831,402,797,402,780,372,797,342,831,342,164,202,239,238,237,200,2,0,False,False
202,866,342,200,200,200,213,202,175,False,17,6,Classic,False,900,342,883,372,849,372,832,342,849,312,883,312,165,166,203,239,201,164,2,0,False,False
203,917,372,0,228,48,208,197,177,False,18,6,Classic,False,951,372,934,402,900,402,883,372,900,342,934,342,166,204,241,240,239,202,2,0,False,False
204,968,342,200,200,200,172,163,141,False,19,6,Classic,False,1002,342,985,372,951,372,934,342,951,312,985,312,167,168,205,241,203,166,2,0,False,False
205,1020,372,0,228,48,201,193,170,False,20,6,Classic,False,1054,372,1037,402,1003,402,986,372,1003,342,1037,342,168,206,243,242,241,204,2,0,False,False
206,1071,342,200,200,200,199,188,169,False,21,6,Classic,False,1105,342,1088,372,1054,372,1037,342,1054,312,1088,312,169,170,207,243,205,168,2,0,False,False
207,1123,372,0,228,48,207,197,174,False,22,6,Classic,False,1157,372,1140,402,1106,402,1089,372,1106,342,1140,342,170,208,245,244,243,206,2,0,False,False
208,1174,342,200,200,200,212,198,175,False,23,6,Classic,False,1208,342,1191,372,1157,372,1140,342,1157,312,1191,312,171,172,209,245,207,170,2,0,False,False
209,1225,372,0,228,48,199,189,162,False,24,6,Classic,False,1259,372,1242,402,1208,402,1191,372,1208,342,1242,342,172,210,247,246,245,208,2,0,False,False
210,1277,342,200,200,200,200,190,165,False,25,6,Classic,False,1311,342,1294,372,1260,372,1243,342,1260,312,1294,312,173,174,211,247,209,172,2,0,False,False
211,1328,372,0,228,48,207,195,174,False,26,6,Classic,False,1362,372,1345,402,1311,402,1294,372,1311,342,1345,342,174,212,249,248,247,210,2,0,False,False
212,1380,342,200,200,200,206,195,172,False,27,6,Classic,False,1414,342,1397,372,1363,372,1346,342,1363,312,1397,312,175,176,213,249,211,174,2,0,False,False
213,1431,372,0,228,48,208,201,177,False,28,6,Classic,False,1465,372,1448,402,1414,402,1397,372,1414,342,1448,342,176,214,251,250,249,212,2,0,False,False
214,1483,342,200,200,200,206,194,168,False,29,6,Classic,False,1517,342,1500,372,1466,372,1449,342,1466,312,1500,312,177,178,215,251,213,176,2,0,False,False
215,1534,372,0,228,48,208,195,170,False,30,6,Classic,False,1568,372,1551,402,1517,402,1500,372,1517,342,1551,342,178,216,253,252,251,214,2,0,False,False
216,1585,342,200,200,200,201,191,164,False,31,6,Classic,False,1619,342,1602,372,1568,372,1551,342,1568,312,1602,312,179,180,217,253,215,178,2,0,False,False
217,1637,372,0,228,48,206,196,169,False,32,6,Classic,False,1671,372,1654,402,1620,402,1603,372,1620,342,1654,342,180,218,255,254,253,216,2,0,False,False
218,1688,342,200,200,200,216,205,185,False,33,6,Classic,False,1722,342,1705,372,1671,372,1654,342,1671,312,1705,312,181,182,219,255,217,180,2,0,False,False
219,1740,372,0,228,48,203,192,167,False,34,6,Classic,False,1774,372,1757,402,1723,402,1706,372,1723,342,1757,342,182,220,257,256,255,218,2,0,False,False
220,1791,342,200,200,200,207,192,169,False,35,6,Classic,False,1825,342,1808,372,1774,372,1757,342,1774,312,1808,312,183,184,221,257,219,182,2,0,False,False
221,1842,372,0,228,48,205,195,169,False,36,6,Classic,False,1876,372,1859,402,1825,402,1808,372,1825,342,1859,342,184,222,259,258,257,220,2,0,False,False
222,1894,342,200,200,200,195,185,164,False,37,6,BordD,False,1928,342,1911,372,1877,372,1860,342,1877,312,1911,312,185,0,0,259,221,184,2,0,False,False
223,43,402,0,228,48,203,189,167,False,1,7,BordG,True,77,402,60,432,26,432,9,402,26,372,60,372,0,187,224,260,0,0,2,0,False,False
224,94,431,200,200,200,213,200,175,False,2,7,Classic,True,128,431,111,461,77,461,60,431,77,401,111,401,187,225,262,261,260,223,2,0,False,False
225,146,402,0,228,48,203,197,173,False,3,7,Classic,True,180,402,163,432,129,432,112,402,129,372,163,372,0,189,226,262,224,187,2,0,False,False
226,197,431,200,200,200,208,198,177,False,4,7,Classic,True,231,431,214,461,180,461,163,431,180,401,214,401,189,227,264,263,262,225,2,0,False,False
227,249,402,0,228,48,207,194,169,False,5,7,Classic,True,283,402,266,432,232,432,215,402,232,372,266,372,0,191,228,264,226,189,2,0,False,False
228,300,431,200,200,200,223,211,185,False,6,7,Classic,True,334,431,317,461,283,461,266,431,283,401,317,401,191,229,266,265,264,227,1,0,False,False
229,351,402,0,228,48,218,206,182,False,7,7,Classic,True,385,402,368,432,334,432,317,402,334,372,368,372,0,193,230,266,228,191,1,0,False,False
230,403,431,200,200,200,225,213,184,False,8,7,Classic,True,437,431,420,461,386,461,369,431,386,401,420,401,193,231,268,267,266,229,1,0,False,False
231,454,402,0,228,48,229,216,193,False,9,7,Classic,True,488,402,471,432,437,432,420,402,437,372,471,372,194,195,232,268,230,193,1,0,False,False
232,506,431,200,200,200,224,211,183,False,10,7,Classic,True,540,431,523,461,489,461,472,431,489,401,523,401,195,233,270,269,268,231,1,0,False,False
233,557,402,0,228,48,219,207,182,False,11,7,Classic,True,591,402,574,432,540,432,523,402,540,372,574,372,196,0,0,270,232,195,1,0,False,False
234,609,431,200,200,200,225,215,189,False,12,7,Classic,True,643,431,626,461,592,461,575,431,592,401,626,401,0,0,272,271,270,233,1,0,False,True
235,660,402,0,228,48,224,211,184,False,13,7,Classic,True,694,402,677,432,643,432,626,402,643,372,677,372,0,0,236,272,234,0,1,0,True,False
236,711,431,200,200,200,226,216,188,False,14,7,Classic,True,745,431,728,461,694,461,677,431,694,401,728,401,0,237,274,273,272,0,1,0,False,True
237,763,402,0,228,48,208,197,175,False,15,7,Classic,True,797,402,780,432,746,432,729,402,746,372,780,372,200,201,238,0,0,0,1,0,False,False
238,814,431,200,200,200,210,198,174,False,16,7,Classic,True,848,431,831,461,797,461,780,431,797,401,831,401,201,239,276,275,0,237,2,0,False,False
239,866,402,0,228,48,198,189,164,False,17,7,Classic,True,900,402,883,432,849,432,832,402,849,372,883,372,202,203,240,276,238,201,2,0,False,False
240,917,431,200,200,200,205,193,170,False,18,7,Classic,True,951,431,934,461,900,461,883,431,900,401,934,401,203,241,278,277,276,239,2,2,False,False
241,968,402,0,228,48,210,197,171,False,19,7,Classic,True,1002,402,985,432,951,432,934,402,951,372,985,372,204,205,242,278,240,203,2,0,False,False
242,1020,431,200,200,200,207,197,171,False,20,7,Classic,True,1054,431,1037,461,1003,461,986,431,1003,401,1037,401,205,243,280,279,278,241,2,0,False,False
243,1071,402,0,228,48,204,190,167,False,21,7,Classic,True,1105,402,1088,432,1054,432,1037,402,1054,372,1088,372,206,207,244,280,242,205,2,0,False,False
244,1123,431,200,200,200,203,193,168,False,22,7,Classic,True,1157,431,1140,461,1106,461,1089,431,1106,401,1140,401,207,245,282,281,280,243,2,0,False,False
245,1174,402,0,228,48,207,197,173,False,23,7,Classic,True,1208,402,1191,432,1157,432,1140,402,1157,372,1191,372,208,209,246,282,244,207,2,0,False,False
246,1225,431,200,200,200,201,189,164,False,24,7,Classic,True,1259,431,1242,461,1208,461,1191,431,1208,401,1242,401,209,247,284,283,282,245,2,0,False,False
247,1277,402,0,228,48,203,191,168,False,25,7,Classic,True,1311,402,1294,432,1260,432,1243,402,1260,372,1294,372,210,211,248,284,246,209,2,0,False,False
248,1328,431,200,200,200,203,196,172,False,26,7,Classic,True,1362,431,1345,461,1311,461,1294,431,1311,401,1345,401,211,249,286,285,284,247,2,0,False,False
249,1380,402,0,228,48,196,182,158,False,27,7,Classic,True,1414,402,1397,432,1363,432,1346,402,1363,372,1397,372,212,213,250,286,248,211,2,0,False,False
250,1431,431,200,200,200,198,188,162,False,28,7,Classic,True,1465,431,1448,461,1414,461,1397,431,1414,401,1448,401,213,251,288,287,286,249,2,0,False,False
251,1483,402,0,228,48,201,191,167,False,29,7,Classic,True,1517,402,1500,432,1466,432,1449,402,1466,372,1500,372,214,215,252,288,250,213,2,0,False,False
252,1534,431,200,200,200,204,196,173,False,30,7,Classic,True,1568,431,1551,461,1517,461,1500,431,1517,401,1551,401,215,253,290,289,288,251,2,0,False,False
253,1585,402,0,228,48,208,199,175,False,31,7,Classic,True,1619,402,1602,432,1568,432,1551,402,1568,372,1602,372,216,217,254,290,252,215,2,0,False,False
254,1637,431,200,200,200,210,198,175,False,32,7,Classic,True,1671,431,1654,461,1620,461,1603,431,1620,401,1654,401,217,255,292,291,290,253,2,0,False,False
255,1688,402,0,228,48,199,192,172,False,33,7,Classic,True,1722,402,1705,432,1671,432,1654,402,1671,372,1705,372,218,219,256,292,254,217,2,0,False,False
256,1740,431,200,200,200,210,197,175,False,34,7,Classic,True,1774,431,1757,461,1723,461,1706,431,1723,401,1757,401,219,257,294,293,292,255,2,0,False,False
257,1791,402,0,228,48,210,198,175,False,35,7,Classic,True,1825,402,1808,432,1774,432,1757,402,1774,372,1808,372,220,221,258,294,256,219,2,0,False,False
258,1842,431,200,200,200,208,195,170,False,36,7,Classic,True,1876,431,1859,461,1825,461,1808,431,1825,401,1859,401,221,259,296,295,294,257,2,0,False,False
259,1894,402,0,228,48,206,195,168,False,37,7,BordD,True,1928,402,1911,432,1877,432,1860,402,1877,372,1911,372,222,0,0,296,258,221,2,0,False,False
260,43,461,200,200,200,185,160,133,False,1,8,BordG,False,77,461,60,491,26,491,9,461,26,431,60,431,223,224,261,297,0,0,2,0,False,False
261,94,491,0,228,48,201,193,169,False,2,8,Classic,False,128,491,111,521,77,521,60,491,77,461,111,461,224,262,299,298,297,260,2,0,False,False
262,146,461,200,200,200,201,195,171,False,3,8,Classic,False,180,461,163,491,129,491,112,461,129,431,163,431,225,226,263,299,261,224,2,0,False,False
263,197,491,0,228,48,213,203,178,False,4,8,Classic,False,231,491,214,521,180,521,163,491,180,461,214,461,226,264,301,300,299,262,2,0,False,False
264,249,461,200,200,200,208,197,170,False,5,8,Classic,False,283,461,266,491,232,491,215,461,232,431,266,431,227,228,265,301,263,226,2,0,False,False
265,300,491,0,228,48,219,207,181,False,6,8,Classic,False,334,491,317,521,283,521,266,491,283,461,317,461,228,266,303,302,301,264,1,0,False,False
266,351,461,200,200,200,224,213,188,False,7,8,Classic,False,385,461,368,491,334,491,317,461,334,431,368,431,229,230,267,303,265,228,1,0,False,False
267,403,491,0,228,48,225,218,192,False,8,8,Classic,False,437,491,420,521,386,521,369,491,386,461,420,461,230,268,305,304,303,266,1,0,False,False
268,454,461,200,200,200,222,211,186,False,9,8,Classic,False,488,461,471,491,437,491,420,461,437,431,471,431,231,232,269,305,267,230,1,0,False,False
269,506,491,0,228,48,236,221,195,False,10,8,Classic,False,540,491,523,521,489,521,472,491,489,461,523,461,232,270,307,306,305,268,0,0,False,False
270,557,461,200,200,200,235,225,198,False,11,8,Classic,False,591,461,574,491,540,491,523,461,540,431,574,431,233,0,0,307,269,232,1,0,False,False
271,609,491,0,228,48,215,208,182,False,12,8,Classic,False,643,491,626,521,592,521,575,491,592,461,626,461,0,272,309,308,307,270,1,0,False,True
272,660,461,200,200,200,218,208,183,False,13,8,Classic,False,694,461,677,491,643,491,626,461,643,431,677,431,0,0,0,0,0,0,1,1,False,False
273,711,491,0,228,48,228,216,192,True,14,8,Classic,False,745,491,728,521,694,521,677,491,694,461,728,461,0,274,311,310,309,272,1,0,False,True
274,763,461,200,200,200,237,226,197,False,15,8,Classic,False,797,461,780,491,746,491,729,461,746,431,780,431,237,238,275,311,0,0,1,0,False,True
275,814,491,0,228,48,206,193,168,False,16,8,Classic,False,848,491,831,521,797,521,780,491,797,461,831,461,238,276,313,312,0,0,2,0,False,False
276,866,461,200,200,200,201,194,170,False,17,8,Classic,False,900,461,883,491,849,491,832,461,849,431,883,431,239,240,277,313,275,238,2,0,False,False
277,917,491,0,228,48,197,188,162,False,18,8,Classic,False,951,491,934,521,900,521,883,491,900,461,934,461,240,278,315,314,313,276,2,0,False,False
278,968,461,200,200,200,201,191,165,False,19,8,Classic,False,1002,461,985,491,951,491,934,461,951,431,985,431,241,242,279,315,277,240,2,0,False,False
279,1020,491,0,228,48,210,200,177,False,20,8,Classic,False,1054,491,1037,521,1003,521,986,491,1003,461,1037,461,242,280,317,316,315,278,2,0,False,False
280,1071,461,200,200,200,214,203,177,False,21,8,Classic,False,1105,461,1088,491,1054,491,1037,461,1054,431,1088,431,243,244,281,317,279,242,2,0,False,False
281,1123,491,0,228,48,201,191,168,False,22,8,Classic,False,1157,491,1140,521,1106,521,1089,491,1106,461,1140,461,244,282,319,318,317,280,2,0,False,False
282,1174,461,200,200,200,208,195,169,False,23,8,Classic,False,1208,461,1191,491,1157,491,1140,461,1157,431,1191,431,245,246,283,319,281,244,2,0,False,False
283,1225,491,0,228,48,203,193,173,False,24,8,Classic,False,1259,491,1242,521,1208,521,1191,491,1208,461,1242,461,246,284,321,320,319,282,2,0,False,False
284,1277,461,200,200,200,197,188,165,False,25,8,Classic,False,1311,461,1294,491,1260,491,1243,461,1260,431,1294,431,247,248,285,321,283,246,2,0,False,False
285,1328,491,0,228,48,207,197,174,False,26,8,Classic,False,1362,491,1345,521,1311,521,1294,491,1311,461,1345,461,248,286,323,322,321,284,2,0,False,False
286,1380,461,200,200,200,207,197,173,False,27,8,Classic,False,1414,461,1397,491,1363,491,1346,461,1363,431,1397,431,249,250,287,323,285,248,2,0,False,False
287,1431,491,0,228,48,202,190,170,False,28,8,Classic,False,1465,491,1448,521,1414,521,1397,491,1414,461,1448,461,250,288,325,324,323,286,2,0,False,False
288,1483,461,200,200,200,196,185,157,False,29,8,Classic,False,1517,461,1500,491,1466,491,1449,461,1466,431,1500,431,251,252,289,325,287,250,2,0,False,False
289,1534,491,0,228,48,206,197,173,False,30,8,Classic,False,1568,491,1551,521,1517,521,1500,491,1517,461,1551,461,252,290,327,326,325,288,2,0,False,False
290,1585,461,200,200,200,210,200,180,False,31,8,Classic,False,1619,461,1602,491,1568,491,1551,461,1568,431,1602,431,253,254,291,327,289,252,2,0,False,False
291,1637,491,0,228,48,203,190,167,False,32,8,Classic,False,1671,491,1654,521,1620,521,1603,491,1620,461,1654,461,254,292,329,328,327,290,2,0,False,False
292,1688,461,200,200,200,197,189,165,False,33,8,Classic,False,1722,461,1705,491,1671,491,1654,461,1671,431,1705,431,255,256,293,329,291,254,2,0,False,False
293,1740,491,0,228,48,197,185,160,False,34,8,Classic,False,1774,491,1757,521,1723,521,1706,491,1723,461,1757,461,256,294,331,330,329,292,2,0,False,False
294,1791,461,200,200,200,196,185,157,False,35,8,Classic,False,1825,461,1808,491,1774,491,1757,461,1774,431,1808,431,257,258,295,331,293,256,2,0,False,False
295,1842,491,0,228,48,205,196,171,False,36,8,Classic,False,1876,491,1859,521,1825,521,1808,491,1825,461,1859,461,258,296,333,332,331,294,2,0,False,False
296,1894,461,200,200,200,199,188,161,False,37,8,BordD,False,1928,461,1911,491,1877,491,1860,461,1877,431,1911,431,259,0,0,333,295,258,2,0,False,False
297,43,520,0,228,48,197,186,160,False,1,9,BordG,True,77,520,60,550,26,550,9,520,26,490,60,490,260,261,298,334,0,0,2,0,False,False
298,94,550,200,200,200,202,192,165,False,2,9,Classic,True,128,550,111,580,77,580,60,550,77,520,111,520,261,299,336,335,334,297,2,0,False,False
299,146,520,0,228,48,208,197,170,False,3,9,Classic,True,180,520,163,550,129,550,112,520,129,490,163,490,262,263,300,336,298,261,2,0,False,False
300,197,550,200,200,200,201,191,165,False,4,9,Classic,True,231,550,214,580,180,580,163,550,180,520,214,520,263,301,338,337,336,299,2,0,False,False
301,249,520,0,228,48,210,201,177,False,5,9,Classic,True,283,520,266,550,232,550,215,520,232,490,266,490,264,265,302,338,300,263,2,0,False,False
302,300,550,200,200,200,231,218,189,False,6,9,Classic,True,334,550,317,580,283,580,266,550,283,520,317,520,265,303,340,339,338,301,1,0,False,False
303,351,520,0,228,48,217,205,177,False,7,9,Classic,True,385,520,368,550,334,550,317,520,334,490,368,490,266,267,304,340,302,265,1,0,False,False
304,403,550,200,200,200,221,213,188,False,8,9,Classic,True,437,550,420,580,386,580,369,550,386,520,420,520,267,305,342,341,340,303,1,0,False,False
305,454,520,0,228,48,228,219,194,False,9,9,Classic,True,488,520,471,550,437,550,420,520,437,490,471,490,268,269,306,342,304,267,1,0,False,False
306,506,550,200,200,200,83,113,203,False,10,9,Classic,True,540,550,523,580,489,580,472,550,489,520,523,520,269,307,344,343,342,305,1,0,False,False
307,557,520,0,228,48,226,215,193,False,11,9,Classic,True,591,520,574,550,540,550,523,520,540,490,574,490,270,0,0,344,306,269,1,0,False,False
308,609,550,200,200,200,229,214,187,False,12,9,Classic,True,643,550,626,580,592,580,575,550,592,520,626,520,0,309,346,345,344,307,1,0,False,True
309,660,520,0,228,48,215,204,174,False,13,9,Classic,True,694,520,677,550,643,550,626,520,643,490,677,490,272,0,310,346,0,0,1,0,False,True
310,711,550,200,200,200,229,215,188,False,14,9,Classic,True,745,550,728,580,694,580,677,550,694,520,728,520,0,0,348,347,0,0,1,0,False,False
311,763,520,0,228,48,234,223,193,False,15,9,Classic,True,797,520,780,550,746,550,729,520,746,490,780,490,0,275,312,348,310,0,1,0,False,True
312,814,550,200,200,200,197,186,162,False,16,9,Classic,True,848,550,831,580,797,580,780,550,797,520,831,520,275,313,350,349,348,0,2,0,False,False
313,866,520,0,228,48,210,199,172,False,17,9,Classic,True,900,520,883,550,849,550,832,520,849,490,883,490,276,277,314,350,312,275,2,0,False,False
314,917,550,200,200,200,206,195,173,False,18,9,Classic,True,951,550,934,580,900,580,883,550,900,520,934,520,277,315,352,351,350,313,2,0,False,False
315,968,520,0,228,48,197,186,164,False,19,9,Classic,True,1002,520,985,550,951,550,934,520,951,490,985,490,278,279,316,352,314,277,2,0,False,False
316,1020,550,200,200,200,205,194,175,False,20,9,Classic,True,1054,550,1037,580,1003,580,986,550,1003,520,1037,520,279,317,354,353,352,315,2,0,False,False
317,1071,520,0,228,48,206,197,173,False,21,9,Classic,True,1105,520,1088,550,1054,550,1037,520,1054,490,1088,490,280,281,318,354,316,279,2,0,False,False
318,1123,550,200,200,200,204,191,167,False,22,9,Classic,True,1157,550,1140,580,1106,580,1089,550,1106,520,1140,520,281,319,356,355,354,317,2,0,False,False
319,1174,520,0,228,48,201,188,163,False,23,9,Classic,True,1208,520,1191,550,1157,550,1140,520,1157,490,1191,490,282,283,320,356,318,281,2,0,False,False
320,1225,550,200,200,200,198,192,168,False,24,9,Classic,True,1259,550,1242,580,1208,580,1191,550,1208,520,1242,520,283,321,358,357,356,319,2,0,False,False
321,1277,520,0,228,48,204,193,167,False,25,9,Classic,True,1311,520,1294,550,1260,550,1243,520,1260,490,1294,490,284,285,322,358,320,283,2,0,False,False
322,1328,550,200,200,200,217,206,186,False,26,9,Classic,True,1362,550,1345,580,1311,580,1294,550,1311,520,1345,520,285,323,360,359,358,321,2,0,False,False
323,1380,520,0,228,48,210,198,171,False,27,9,Classic,True,1414,520,1397,550,1363,550,1346,520,1363,490,1397,490,286,287,324,360,322,285,2,0,False,False
324,1431,550,200,200,200,208,196,169,False,28,9,Classic,True,1465,550,1448,580,1414,580,1397,550,1414,520,1448,520,287,325,362,361,360,323,2,0,False,False
325,1483,520,0,228,48,198,188,167,False,29,9,Classic,True,1517,520,1500,550,1466,550,1449,520,1466,490,1500,490,288,289,326,362,324,287,2,0,False,False
326,1534,550,200,200,200,207,199,177,False,30,9,Classic,True,1568,550,1551,580,1517,580,1500,550,1517,520,1551,520,289,327,364,363,362,325,2,0,False,False
327,1585,520,0,228,48,210,198,173,False,31,9,Classic,True,1619,520,1602,550,1568,550,1551,520,1568,490,1602,490,290,291,328,364,326,289,2,0,False,False
328,1637,550,200,200,200,200,194,170,False,32,9,Classic,True,1671,550,1654,580,1620,580,1603,550,1620,520,1654,520,291,329,366,365,364,327,2,0,False,False
329,1688,520,0,228,48,211,199,174,False,33,9,Classic,True,1722,520,1705,550,1671,550,1654,520,1671,490,1705,490,292,293,330,366,328,291,2,0,False,False
330,1740,550,200,200,200,201,188,164,False,34,9,Classic,True,1774,550,1757,580,1723,580,1706,550,1723,520,1757,520,293,331,368,367,366,329,2,0,False,False
331,1791,520,0,228,48,197,189,165,False,35,9,Classic,True,1825,520,1808,550,1774,550,1757,520,1774,490,1808,490,294,295,332,368,330,293,2,0,False,False
332,1842,550,200,200,200,200,189,162,False,36,9,Classic,True,1876,550,1859,580,1825,580,1808,550,1825,520,1859,520,295,333,370,369,368,331,2,0,False,False
333,1894,520,0,228,48,202,190,167,False,37,9,BordD,True,1928,520,1911,550,1877,550,1860,520,1877,490,1911,490,296,0,0,370,332,295,2,0,False,False
334,43,580,200,200,200,210,197,175,False,1,10,BordG,False,77,580,60,610,26,610,9,580,26,550,60,550,297,298,335,371,0,0,2,0,False,False
335,94,609,0,228,48,201,195,171,False,2,10,Classic,False,128,609,111,639,77,639,60,609,77,579,111,579,298,336,373,372,371,334,2,0,False,False
336,146,580,200,200,200,204,190,167,False,3,10,Classic,False,180,580,163,610,129,610,112,580,129,550,163,550,299,300,337,373,335,298,2,0,False,False
337,197,609,0,228,48,207,198,177,False,4,10,Classic,False,231,609,214,639,180,639,163,609,180,579,214,579,300,338,375,374,373,336,2,0,False,False
338,249,580,200,200,200,211,201,180,False,5,10,Classic,False,283,580,266,610,232,610,215,580,232,550,266,550,301,302,339,375,337,300,2,0,False,False
339,300,609,0,228,48,210,198,180,False,6,10,Classic,False,334,609,317,639,283,639,266,609,283,579,317,579,302,340,377,376,375,338,2,0,False,False
340,351,580,200,200,200,224,213,185,False,7,10,Classic,False,385,580,368,610,334,610,317,580,334,550,368,550,303,304,341,377,339,302,1,0,False,False
341,403,609,0,228,48,224,212,182,False,8,10,Classic,False,437,609,420,639,386,639,369,609,386,579,420,579,304,342,379,378,377,340,1,0,False,False
342,454,580,200,200,200,231,219,195,False,9,10,Classic,False,488,580,471,610,437,610,420,580,437,550,471,550,305,306,343,379,341,304,1,0,False,False
343,506,609,0,228,48,222,211,189,False,10,10,Classic,False,540,609,523,639,489,639,472,609,489,579,523,579,306,344,381,380,379,342,1,0,False,False
344,557,580,200,200,200,225,210,184,False,11,10,Classic,False,591,580,574,610,540,610,523,580,540,550,574,550,307,0,345,381,343,306,1,0,False,False
345,609,609,0,228,48,226,214,185,False,12,10,Classic,False,643,609,626,639,592,639,575,609,592,579,626,579,0,0,383,382,381,344,1,0,False,False
346,660,580,200,200,200,228,215,191,False,13,10,Classic,False,694,580,677,610,643,610,626,580,643,550,677,550,0,310,347,383,345,0,1,0,False,True
347,711,609,0,228,48,228,214,187,False,14,10,Classic,False,745,609,728,639,694,639,677,609,694,579,728,579,310,348,385,384,383,0,1,0,False,False
348,763,580,200,200,200,198,188,160,False,15,10,Classic,False,797,580,780,610,746,610,729,580,746,550,780,550,0,312,349,385,347,310,1,0,False,False
349,814,609,0,228,48,210,197,173,False,16,10,Classic,False,848,609,831,639,797,639,780,609,797,579,831,579,312,350,387,386,385,348,2,0,False,False
350,866,580,200,200,200,208,199,178,False,17,10,Classic,False,900,580,883,610,849,610,832,580,849,550,883,550,313,314,351,387,349,312,2,0,False,False
351,917,609,0,228,48,201,188,164,False,18,10,Classic,False,951,609,934,639,900,639,883,609,900,579,934,579,314,352,389,388,387,350,2,0,False,False
352,968,580,200,200,200,201,190,167,False,19,10,Classic,False,1002,580,985,610,951,610,934,580,951,550,985,550,315,316,353,389,351,314,2,0,False,False
353,1020,609,0,228,48,207,196,169,False,20,10,Classic,False,1054,609,1037,639,1003,639,986,609,1003,579,1037,579,316,354,391,390,389,352,2,0,False,False
354,1071,580,200,200,200,207,198,177,False,21,10,Classic,False,1105,580,1088,610,1054,610,1037,580,1054,550,1088,550,317,318,355,391,353,316,2,0,False,False
355,1123,609,0,228,48,208,197,174,False,22,10,Classic,False,1157,609,1140,639,1106,639,1089,609,1106,579,1140,579,318,356,393,392,391,354,2,0,False,False
356,1174,580,200,200,200,199,188,167,False,23,10,Classic,False,1208,580,1191,610,1157,610,1140,580,1157,550,1191,550,319,320,357,393,355,318,2,0,False,False
357,1225,609,0,228,48,201,190,167,False,24,10,Classic,False,1259,609,1242,639,1208,639,1191,609,1208,579,1242,579,320,358,395,394,393,356,2,0,False,False
358,1277,580,200,200,200,217,203,180,False,25,10,Classic,False,1311,580,1294,610,1260,610,1243,580,1260,550,1294,550,321,322,359,395,357,320,2,0,False,False
359,1328,609,0,228,48,201,195,171,False,26,10,Classic,False,1362,609,1345,639,1311,639,1294,609,1311,579,1345,579,322,360,397,396,395,358,2,0,False,False
360,1380,580,200,200,200,201,190,167,False,27,10,Classic,False,1414,580,1397,610,1363,610,1346,580,1363,550,1397,550,323,324,361,397,359,322,2,0,False,False
361,1431,609,0,228,48,210,202,180,False,28,10,Classic,False,1465,609,1448,639,1414,639,1397,609,1414,579,1448,579,324,362,399,398,397,360,2,0,False,False
362,1483,580,200,200,200,210,201,180,False,29,10,Classic,False,1517,580,1500,610,1466,610,1449,580,1466,550,1500,550,325,326,363,399,361,324,2,0,False,False
363,1534,609,0,228,48,201,194,170,False,30,10,Classic,False,1568,609,1551,639,1517,639,1500,609,1517,579,1551,579,326,364,401,400,399,362,2,0,False,False
364,1585,580,200,200,200,201,195,171,False,31,10,Classic,False,1619,580,1602,610,1568,610,1551,580,1568,550,1602,550,327,328,365,401,363,326,2,0,False,False
365,1637,609,0,228,48,201,191,164,False,32,10,Classic,False,1671,609,1654,639,1620,639,1603,609,1620,579,1654,579,328,366,403,402,401,364,2,0,False,False
366,1688,580,200,200,200,204,191,167,False,33,10,Classic,False,1722,580,1705,610,1671,610,1654,580,1671,550,1705,550,329,330,367,403,365,328,2,0,False,False
367,1740,609,0,228,48,203,197,173,False,34,10,Classic,False,1774,609,1757,639,1723,639,1706,609,1723,579,1757,579,330,368,405,404,403,366,2,0,False,False
368,1791,580,200,200,200,197,186,161,False,35,10,Classic,False,1825,580,1808,610,1774,610,1757,580,1774,550,1808,550,331,332,369,405,367,330,2,0,False,False
369,1842,609,0,228,48,201,189,165,False,36,10,Classic,False,1876,609,1859,639,1825,639,1808,609,1825,579,1859,579,332,370,407,406,405,368,2,0,False,False
370,1894,580,200,200,200,207,194,169,False,37,10,BordD,False,1928,580,1911,610,1877,610,1860,580,1877,550,1911,550,333,0,0,407,369,332,2,0,False,False
371,43,639,0,228,48,202,195,171,False,1,11,BordG,True,77,639,60,669,26,669,9,639,26,609,60,609,334,335,372,408,0,0,2,0,False,False
372,94,669,200,200,200,208,197,175,False,2,11,Classic,True,128,669,111,699,77,699,60,669,77,639,111,639,335,373,410,409,408,371,2,0,False,False
373,146,639,0,228,48,194,175,149,False,3,11,Classic,True,180,639,163,669,129,669,112,639,129,609,163,609,336,337,374,410,372,335,3,0,False,False
374,197,669,200,200,200,201,195,171,False,4,11,Classic,True,231,669,214,699,180,699,163,669,180,639,214,639,337,375,412,411,410,373,2,0,False,False
375,249,639,0,228,48,201,183,155,False,5,11,Classic,True,283,639,266,669,232,669,215,639,232,609,266,609,338,339,376,412,374,337,3,0,False,False
376,300,669,200,200,200,211,197,173,False,6,11,Classic,True,334,669,317,699,283,699,266,669,283,639,317,639,339,377,414,413,412,375,2,0,False,False
377,351,639,0,228,48,201,192,169,False,7,11,Classic,True,385,639,368,669,334,669,317,639,334,609,368,609,340,341,378,414,376,339,3,0,False,False
378,403,669,200,200,200,222,212,187,False,8,11,Classic,True,437,669,420,699,386,699,369,669,386,639,420,639,341,379,416,415,414,377,1,0,False,False
379,454,639,0,228,48,230,215,190,False,9,11,Classic,True,488,639,471,669,437,669,420,639,437,609,471,609,342,343,380,416,378,341,1,0,False,False
380,506,669,200,200,200,228,220,195,False,10,11,Classic,True,540,669,523,699,489,699,472,669,489,639,523,639,343,381,418,417,416,379,1,0,False,False
381,557,639,0,228,48,229,217,188,False,11,11,Classic,True,591,639,574,669,540,669,523,639,540,609,574,609,344,345,382,418,380,343,1,0,False,False
382,609,669,200,200,200,235,226,199,False,12,11,Classic,True,643,669,626,699,592,699,575,669,592,639,626,639,345,383,420,419,418,381,1,0,False,False
383,660,639,0,228,48,220,208,183,False,13,11,Classic,True,694,639,677,669,643,669,626,639,643,609,677,609,0,347,384,420,382,345,1,0,False,False
384,711,669,200,200,200,197,185,160,False,14,11,Classic,True,745,669,728,699,694,699,677,669,694,639,728,639,347,385,422,421,420,383,2,0,False,False
385,763,639,0,228,48,208,197,171,False,15,11,Classic,True,797,639,780,669,746,669,729,639,746,609,780,609,348,349,386,422,384,347,2,0,False,False
386,814,669,200,200,200,199,191,167,False,16,11,Classic,True,848,669,831,699,797,699,780,669,797,639,831,639,349,387,424,423,422,385,2,0,False,False
387,866,639,0,228,48,206,195,171,False,17,11,Classic,True,900,639,883,669,849,669,832,639,849,609,883,609,350,351,388,424,386,349,2,0,False,False
388,917,669,200,200,200,214,204,177,False,18,11,Classic,True,951,669,934,699,900,699,883,669,900,639,934,639,351,389,426,425,424,387,2,0,False,False
389,968,639,0,228,48,204,195,172,False,19,11,Classic,True,1002,639,985,669,951,669,934,639,951,609,985,609,352,353,390,426,388,351,2,0,False,False
390,1020,669,200,200,200,197,190,167,False,20,11,Classic,True,1054,669,1037,699,1003,699,986,669,1003,639,1037,639,353,391,428,427,426,389,2,0,False,False
391,1071,639,0,228,48,211,203,180,False,21,11,Classic,True,1105,639,1088,669,1054,669,1037,639,1054,609,1088,609,354,355,392,428,390,353,2,0,False,False
392,1123,669,200,200,200,205,194,170,False,22,11,Classic,True,1157,669,1140,699,1106,699,1089,669,1106,639,1140,639,355,393,430,429,428,391,2,0,False,False
393,1174,639,0,228,48,206,192,167,False,23,11,Classic,True,1208,639,1191,669,1157,669,1140,639,1157,609,1191,609,356,357,394,430,392,355,2,0,False,False
394,1225,669,200,200,200,200,190,169,False,24,11,Classic,True,1259,669,1242,699,1208,699,1191,669,1208,639,1242,639,357,395,432,431,430,393,2,0,False,False
395,1277,639,0,228,48,206,195,170,False,25,11,Classic,True,1311,639,1294,669,1260,669,1243,639,1260,609,1294,609,358,359,396,432,394,357,2,0,False,False
396,1328,669,200,200,200,206,193,168,False,26,11,Classic,True,1362,669,1345,699,1311,699,1294,669,1311,639,1345,639,359,397,434,433,432,395,2,0,False,False
397,1380,639,0,228,48,208,197,170,False,27,11,Classic,True,1414,639,1397,669,1363,669,1346,639,1363,609,1397,609,360,361,398,434,396,359,2,0,False,False
398,1431,669,200,200,200,207,197,172,False,28,11,Classic,True,1465,669,1448,699,1414,699,1397,669,1414,639,1448,639,361,399,436,435,434,397,2,0,False,False
399,1483,639,0,228,48,198,188,167,False,29,11,Classic,True,1517,639,1500,669,1466,669,1449,639,1466,609,1500,609,362,363,400,436,398,361,2,0,False,False
400,1534,669,200,200,200,201,195,171,False,30,11,Classic,True,1568,669,1551,699,1517,699,1500,669,1517,639,1551,639,363,401,438,437,436,399,2,0,False,False
401,1585,639,0,228,48,201,192,168,False,31,11,Classic,True,1619,639,1602,669,1568,669,1551,639,1568,609,1602,609,364,365,402,438,400,363,2,0,False,False
402,1637,669,200,200,200,199,193,169,False,32,11,Classic,True,1671,669,1654,699,1620,699,1603,669,1620,639,1654,639,365,403,440,439,438,401,2,0,False,False
403,1688,639,0,228,48,195,185,157,False,33,11,Classic,True,1722,639,1705,669,1671,669,1654,639,1671,609,1705,609,366,367,404,440,402,365,2,0,False,False
404,1740,669,200,200,200,205,196,174,False,34,11,Classic,True,1774,669,1757,699,1723,699,1706,669,1723,639,1757,639,367,405,442,441,440,403,2,0,False,False
405,1791,639,0,228,48,208,197,169,False,35,11,Classic,True,1825,639,1808,669,1774,669,1757,639,1774,609,1808,609,368,369,406,442,404,367,2,0,False,False
406,1842,669,200,200,200,207,193,169,False,36,11,Classic,True,1876,669,1859,699,1825,699,1808,669,1825,639,1859,639,369,407,444,443,442,405,2,0,False,False
407,1894,639,0,228,48,207,196,170,False,37,11,BordD,True,1928,639,1911,669,1877,669,1860,639,1877,609,1911,609,370,0,0,444,406,369,2,0,False,False
408,43,698,200,200,200,202,195,172,False,1,12,BordG,False,77,698,60,728,26,728,9,698,26,668,60,668,371,372,409,0,0,0,2,0,False,False
409,94,728,0,228,48,203,193,165,False,2,12,Classic,False,128,728,111,758,77,758,60,728,77,698,111,698,372,410,0,0,0,408,2,0,False,False
410,146,698,200,200,200,202,188,164,False,3,12,Classic,False,180,698,163,728,129,728,112,698,129,668,163,668,373,374,411,0,409,372,2,0,False,False
411,197,728,0,228,48,201,190,167,False,4,12,Classic,False,231,728,214,758,180,758,163,728,180,698,214,698,374,412,0,0,0,410,2,0,False,False
412,249,698,200,200,200,201,195,171,False,5,12,Classic,False,283,698,266,728,232,728,215,698,232,668,266,668,375,376,413,0,411,374,2,0,False,False
413,300,728,0,228,48,204,196,173,False,6,12,Classic,False,334,728,317,758,283,758,266,728,283,698,317,698,376,414,451,450,0,412,2,0,False,False
414,351,698,200,200,200,201,195,171,False,7,12,Classic,False,385,698,368,728,334,728,317,698,334,668,368,668,377,378,415,451,413,376,2,0,False,False
415,403,728,0,228,48,200,192,167,False,8,12,Classic,False,437,728,420,758,386,758,369,728,386,698,420,698,378,416,453,452,451,414,1,0,False,False
416,454,698,200,200,200,237,225,203,False,9,12,Classic,False,488,698,471,728,437,728,420,698,437,668,471,668,379,380,417,453,415,378,1,0,False,False
417,506,728,0,228,48,202,195,170,False,10,12,Classic,False,540,728,523,758,489,758,472,728,489,698,523,698,380,418,455,454,453,416,2,0,False,False
418,557,698,200,200,200,221,208,180,False,11,12,Classic,False,591,698,574,728,540,728,523,698,540,668,574,668,381,382,419,455,417,380,1,0,False,False
419,609,728,0,228,48,212,203,182,False,12,12,Classic,False,643,728,626,758,592,758,575,728,592,698,626,698,382,420,457,456,455,418,1,0,False,False
420,660,698,200,200,200,233,220,197,False,13,12,Classic,False,694,698,677,728,643,728,626,698,643,668,677,668,383,384,421,457,419,382,1,0,False,False
421,711,728,0,228,48,171,135,107,False,14,12,Classic,False,745,728,728,758,694,758,677,728,694,698,728,698,384,422,459,458,457,420,3,0,False,False
422,763,698,200,200,200,197,186,161,False,15,12,Classic,False,797,698,780,728,746,728,729,698,746,668,780,668,385,386,423,459,421,384,2,0,False,False
423,814,728,0,228,48,203,191,165,False,16,12,Classic,False,848,728,831,758,797,758,780,728,797,698,831,698,386,424,461,460,459,422,2,0,False,False
424,866,698,200,200,200,206,197,172,False,17,12,Classic,False,900,698,883,728,849,728,832,698,849,668,883,668,387,388,425,461,423,386,2,0,False,False
425,917,728,0,228,48,201,189,165,False,18,12,Classic,False,951,728,934,758,900,758,883,728,900,698,934,698,388,426,463,462,461,424,2,0,False,False
426,968,698,200,200,200,204,196,174,False,19,12,Classic,False,1002,698,985,728,951,728,934,698,951,668,985,668,389,390,427,463,425,388,2,0,False,False
427,1020,728,0,228,48,200,190,168,False,20,12,Classic,False,1054,728,1037,758,1003,758,986,728,1003,698,1037,698,390,428,465,464,463,426,2,0,False,False
428,1071,698,200,200,200,210,197,174,False,21,12,Classic,False,1105,698,1088,728,1054,728,1037,698,1054,668,1088,668,391,392,429,465,427,390,2,0,False,False
429,1123,728,0,228,48,211,198,175,False,22,12,Classic,False,1157,728,1140,758,1106,758,1089,728,1106,698,1140,698,392,430,467,466,465,428,2,0,False,False
430,1174,698,200,200,200,201,191,171,False,23,12,Classic,False,1208,698,1191,728,1157,728,1140,698,1157,668,1191,668,393,394,431,467,429,392,2,0,False,False
431,1225,728,0,228,48,200,188,165,False,24,12,Classic,False,1259,728,1242,758,1208,758,1191,728,1208,698,1242,698,394,432,469,468,467,430,2,0,False,False
432,1277,698,200,200,200,213,201,181,False,25,12,Classic,False,1311,698,1294,728,1260,728,1243,698,1260,668,1294,668,395,396,433,469,431,394,2,0,False,False
433,1328,728,0,228,48,203,193,168,False,26,12,Classic,False,1362,728,1345,758,1311,758,1294,728,1311,698,1345,698,396,434,471,470,469,432,2,0,False,False
434,1380,698,200,200,200,199,190,169,False,27,12,Classic,False,1414,698,1397,728,1363,728,1346,698,1363,668,1397,668,397,398,435,471,433,396,2,0,False,False
435,1431,728,0,228,48,204,194,170,False,28,12,Classic,False,1465,728,1448,758,1414,758,1397,728,1414,698,1448,698,398,436,473,472,471,434,2,0,False,False
436,1483,698,200,200,200,207,198,177,False,29,12,Classic,False,1517,698,1500,728,1466,728,1449,698,1466,668,1500,668,399,400,437,473,435,398,2,0,False,False
437,1534,728,0,228,48,203,192,167,False,30,12,Classic,False,1568,728,1551,758,1517,758,1500,728,1517,698,1551,698,400,438,475,474,473,436,2,0,False,False
438,1585,698,200,200,200,199,188,161,False,31,12,Classic,False,1619,698,1602,728,1568,728,1551,698,1568,668,1602,668,401,402,439,475,437,400,2,0,False,False
439,1637,728,0,228,48,205,196,171,False,32,12,Classic,False,1671,728,1654,758,1620,758,1603,728,1620,698,1654,698,402,440,477,476,475,438,2,0,False,False
440,1688,698,200,200,200,205,195,170,False,33,12,Classic,False,1722,698,1705,728,1671,728,1654,698,1671,668,1705,668,403,404,441,477,439,402,2,0,False,False
441,1740,728,0,228,48,197,188,164,False,34,12,Classic,False,1774,728,1757,758,1723,758,1706,728,1723,698,1757,698,404,442,479,478,477,440,2,0,False,False
442,1791,698,200,200,200,201,193,168,False,35,12,Classic,False,1825,698,1808,728,1774,728,1757,698,1774,668,1808,668,405,406,443,479,441,404,2,0,False,False
443,1842,728,0,228,48,198,188,165,False,36,12,Classic,False,1876,728,1859,758,1825,758,1808,728,1825,698,1859,698,406,444,481,480,479,442,2,0,False,False
444,1894,698,200,200,200,214,200,177,False,37,12,BordD,False,1928,698,1911,728,1877,728,1860,698,1877,668,1911,668,407,0,0,481,443,406,2,0,False,False
445,43,758,0,228,48,207,207,207,False,1,13,BordG,True,77,758,60,788,26,788,9,758,26,728,60,728,408,409,0,0,0,0,0,0,True,False
446,94,787,200,200,200,22,25,29,False,2,13,Classic,True,128,787,111,817,77,817,60,787,77,757,111,757,409,0,0,0,0,0,0,0,True,False
447,146,758,0,228,48,64,70,75,False,3,13,Classic,True,180,758,163,788,129,788,112,758,129,728,163,728,410,411,0,0,0,409,0,0,True,False
448,197,787,200,200,200,20,23,25,False,4,13,Classic,True,231,787,214,817,180,817,163,787,180,757,214,757,411,0,0,0,0,0,0,0,True,False
449,249,758,0,228,48,35,39,43,False,5,13,Classic,True,283,758,266,788,232,788,215,758,232,728,266,728,412,413,450,0,0,411,2,0,True,False
450,300,787,200,200,200,217,206,186,False,6,13,Classic,True,334,787,317,817,283,817,266,787,283,757,317,757,413,451,488,487,0,0,2,0,False,False
451,351,758,0,228,48,213,200,177,False,7,13,Classic,True,385,758,368,788,334,788,317,758,334,728,368,728,414,415,452,488,450,413,2,0,False,False
452,403,787,200,200,200,197,188,167,False,8,13,Classic,True,437,787,420,817,386,817,369,787,386,757,420,757,415,453,490,489,488,451,2,0,False,False
453,454,758,0,228,48,202,191,168,False,9,13,Classic,True,488,758,471,788,437,788,420,758,437,728,471,728,416,417,454,490,452,415,2,0,False,False
454,506,787,200,200,200,197,184,156,False,10,13,Classic,True,540,787,523,817,489,817,472,787,489,757,523,757,417,455,492,491,490,453,2,0,False,False
455,557,758,0,228,48,210,195,171,False,11,13,Classic,True,591,758,574,788,540,788,523,758,540,728,574,728,418,419,456,492,454,417,2,0,False,False
456,609,787,200,200,200,165,129,98,False,12,13,Classic,True,643,787,626,817,592,817,575,787,592,757,626,757,419,457,494,493,492,455,3,0,False,False
457,660,758,0,228,48,172,139,113,False,13,13,Classic,True,694,758,677,788,643,788,626,758,643,728,677,728,420,421,458,494,456,419,3,0,False,False
458,711,787,200,200,200,189,162,137,False,14,13,Classic,True,745,787,728,817,694,817,677,787,694,757,728,757,421,459,496,495,494,457,3,0,False,False
459,763,758,0,228,48,185,159,132,False,15,13,Classic,True,797,758,780,788,746,788,729,758,746,728,780,728,422,423,460,496,458,421,3,0,False,False
460,814,787,200,200,200,206,192,167,False,16,13,Classic,True,848,787,831,817,797,817,780,787,797,757,831,757,423,461,498,497,496,459,2,0,False,False
461,866,758,0,228,48,201,190,167,False,17,13,Classic,True,900,758,883,788,849,788,832,758,849,728,883,728,424,425,462,498,460,423,2,0,False,False
462,917,787,200,200,200,197,189,165,False,18,13,Classic,True,951,787,934,817,900,817,883,787,900,757,934,757,425,463,500,499,498,461,2,0,False,False
463,968,758,0,228,48,208,194,169,False,19,13,Classic,True,1002,758,985,788,951,788,934,758,951,728,985,728,426,427,464,500,462,425,2,0,False,False
464,1020,787,200,200,200,205,192,167,False,20,13,Classic,True,1054,787,1037,817,1003,817,986,787,1003,757,1037,757,427,465,502,501,500,463,2,0,False,False
465,1071,758,0,228,48,199,192,169,False,21,13,Classic,True,1105,758,1088,788,1054,788,1037,758,1054,728,1088,728,428,429,466,502,464,427,2,0,False,False
466,1123,787,200,200,200,210,196,172,False,22,13,Classic,True,1157,787,1140,817,1106,817,1089,787,1106,757,1140,757,429,467,504,503,502,465,2,0,False,False
467,1174,758,0,228,48,210,197,171,False,23,13,Classic,True,1208,758,1191,788,1157,788,1140,758,1157,728,1191,728,430,431,468,504,466,429,2,0,False,False
468,1225,787,200,200,200,201,190,167,False,24,13,Classic,True,1259,787,1242,817,1208,817,1191,787,1208,757,1242,757,431,469,506,505,504,467,2,0,False,False
469,1277,758,0,228,48,196,184,162,False,25,13,Classic,True,1311,758,1294,788,1260,788,1243,758,1260,728,1294,728,432,433,470,506,468,431,2,0,False,False
470,1328,787,200,200,200,203,194,167,False,26,13,Classic,True,1362,787,1345,817,1311,817,1294,787,1311,757,1345,757,433,471,508,507,506,469,2,0,False,False
471,1380,758,0,228,48,216,205,184,False,27,13,Classic,True,1414,758,1397,788,1363,788,1346,758,1363,728,1397,728,434,435,472,508,470,433,2,0,False,False
472,1431,787,200,200,200,210,197,174,False,28,13,Classic,True,1465,787,1448,817,1414,817,1397,787,1414,757,1448,757,435,473,510,509,508,471,2,0,False,False
473,1483,758,0,228,48,214,204,185,False,29,13,Classic,True,1517,758,1500,788,1466,788,1449,758,1466,728,1500,728,436,437,474,510,472,435,2,0,False,False
474,1534,787,200,200,200,215,205,185,False,30,13,Classic,True,1568,787,1551,817,1517,817,1500,787,1517,757,1551,757,437,475,512,511,510,473,2,0,False,False
475,1585,758,0,228,48,197,190,167,False,31,13,Classic,True,1619,758,1602,788,1568,788,1551,758,1568,728,1602,728,438,439,476,512,474,437,2,0,False,False
476,1637,787,200,200,200,201,191,171,False,32,13,Classic,True,1671,787,1654,817,1620,817,1603,787,1620,757,1654,757,439,477,514,513,512,475,2,0,False,False
477,1688,758,0,228,48,208,193,169,False,33,13,Classic,True,1722,758,1705,788,1671,788,1654,758,1671,728,1705,728,440,441,478,514,476,439,2,0,False,False
478,1740,787,200,200,200,204,195,173,False,34,13,Classic,True,1774,787,1757,817,1723,817,1706,787,1723,757,1757,757,441,479,516,515,514,477,2,0,False,False
479,1791,758,0,228,48,208,194,169,False,35,13,Classic,True,1825,758,1808,788,1774,788,1757,758,1774,728,1808,728,442,443,480,516,478,441,2,0,False,False
480,1842,787,200,200,200,205,192,167,False,36,13,Classic,True,1876,787,1859,817,1825,817,1808,787,1825,757,1859,757,443,481,518,517,516,479,2,0,False,False
481,1894,758,0,228,48,197,185,160,False,37,13,BordD,True,1928,758,1911,788,1877,788,1860,758,1877,728,1911,728,444,0,0,518,480,443,2,0,False,False
482,43,817,200,200,200,0,0,0,False,1,14,BordG,False,77,817,60,847,26,847,9,817,26,787,60,787,0,0,0,0,0,0,0,0,True,False
483,94,847,0,228,48,0,0,0,False,2,14,Classic,False,128,847,111,877,77,877,60,847,77,817,111,817,0,0,0,0,0,0,0,0,True,False
484,146,817,200,200,200,0,0,0,False,3,14,Classic,False,180,817,163,847,129,847,112,817,129,787,163,787,0,0,0,0,0,0,0,0,True,False
485,197,847,0,228,48,0,0,0,False,4,14,Classic,False,231,847,214,877,180,877,163,847,180,817,214,817,0,0,0,0,0,0,0,0,True,False
486,249,817,200,200,200,221,221,221,False,5,14,Classic,False,283,817,266,847,232,847,215,817,232,787,266,787,0,450,487,0,0,0,0,0,True,False
487,300,847,0,228,48,202,192,165,False,6,14,Classic,False,334,847,317,877,283,877,266,847,283,817,317,817,450,488,525,524,0,0,2,0,False,False
488,351,817,200,200,200,217,206,181,False,7,14,Classic,False,385,817,368,847,334,847,317,817,334,787,368,787,451,452,489,525,487,450,2,0,False,False
489,403,847,0,228,48,201,195,171,False,8,14,Classic,False,437,847,420,877,386,877,369,847,386,817,420,817,452,490,527,526,525,488,2,0,False,False
490,454,817,200,200,200,201,194,171,False,9,14,Classic,False,488,817,471,847,437,847,420,817,437,787,471,787,453,454,491,527,489,452,2,0,False,False
491,506,847,0,228,48,185,164,134,False,10,14,Classic,False,540,847,523,877,489,877,472,847,489,817,523,817,454,492,529,528,527,490,3,0,False,False
492,557,817,200,200,200,192,167,140,False,11,14,Classic,False,591,817,574,847,540,847,523,817,540,787,574,787,455,456,493,529,491,454,3,0,False,False
493,609,847,0,228,48,188,164,135,False,12,14,Classic,False,643,847,626,877,592,877,575,847,592,817,626,817,456,494,531,530,529,492,3,0,False,False
494,660,817,200,200,200,201,177,152,False,13,14,Classic,False,694,817,677,847,643,847,626,817,643,787,677,787,457,458,495,531,493,456,3,3,False,False
495,711,847,0,228,48,201,191,164,False,14,14,Classic,False,745,847,728,877,694,877,677,847,694,817,728,817,458,496,533,532,531,494,2,0,False,False
496,763,817,200,200,200,197,185,156,False,15,14,Classic,False,797,817,780,847,746,847,729,817,746,787,780,787,459,460,497,533,495,458,2,0,False,False
497,814,847,0,228,48,198,188,164,False,16,14,Classic,False,848,847,831,877,797,877,780,847,797,817,831,817,460,498,535,534,533,496,2,0,False,False
498,866,817,200,200,200,200,189,165,False,17,14,Classic,False,900,817,883,847,849,847,832,817,849,787,883,787,461,462,499,535,497,460,2,0,False,False
499,917,847,0,228,48,215,205,178,False,18,14,Classic,False,951,847,934,877,900,877,883,847,900,817,934,817,462,500,537,536,535,498,2,0,False,False
500,968,817,200,200,200,198,188,163,False,19,14,Classic,False,1002,817,985,847,951,847,934,817,951,787,985,787,463,464,501,537,499,462,2,0,False,False
501,1020,847,0,228,48,208,194,169,False,20,14,Classic,False,1054,847,1037,877,1003,877,986,847,1003,817,1037,817,464,502,539,538,537,500,2,0,False,False
502,1071,817,200,200,200,206,195,169,False,21,14,Classic,False,1105,817,1088,847,1054,847,1037,817,1054,787,1088,787,465,466,503,539,501,464,2,0,False,False
503,1123,847,0,228,48,212,198,175,False,22,14,Classic,False,1157,847,1140,877,1106,877,1089,847,1106,817,1140,817,466,504,541,540,539,502,2,0,False,False
504,1174,817,200,200,200,206,195,169,False,23,14,Classic,False,1208,817,1191,847,1157,847,1140,817,1157,787,1191,787,467,468,505,541,503,466,2,0,False,False
505,1225,847,0,228,48,201,191,164,False,24,14,Classic,False,1259,847,1242,877,1208,877,1191,847,1208,817,1242,817,468,506,543,542,541,504,2,0,False,False
506,1277,817,200,200,200,201,191,167,False,25,14,Classic,False,1311,817,1294,847,1260,847,1243,817,1260,787,1294,787,469,470,507,543,505,468,2,0,False,False
507,1328,847,0,228,48,201,191,164,False,26,14,Classic,False,1362,847,1345,877,1311,877,1294,847,1311,817,1345,817,470,508,545,544,543,506,2,0,False,False
508,1380,817,200,200,200,208,195,171,False,27,14,Classic,False,1414,817,1397,847,1363,847,1346,817,1363,787,1397,787,471,472,509,545,507,470,2,0,False,False
509,1431,847,0,228,48,202,195,170,False,28,14,Classic,False,1465,847,1448,877,1414,877,1397,847,1414,817,1448,817,472,510,547,546,545,508,2,0,False,False
510,1483,817,200,200,200,216,204,178,False,29,14,Classic,False,1517,817,1500,847,1466,847,1449,817,1466,787,1500,787,473,474,511,547,509,472,2,0,False,False
511,1534,847,0,228,48,204,192,167,False,30,14,Classic,False,1568,847,1551,877,1517,877,1500,847,1517,817,1551,817,474,512,549,548,547,510,2,0,False,False
512,1585,817,200,200,200,205,195,169,False,31,14,Classic,False,1619,817,1602,847,1568,847,1551,817,1568,787,1602,787,475,476,513,549,511,474,2,0,False,False
513,1637,847,0,228,48,194,184,156,False,32,14,Classic,False,1671,847,1654,877,1620,877,1603,847,1620,817,1654,817,476,514,551,550,549,512,2,0,False,False
514,1688,817,200,200,200,210,198,175,False,33,14,Classic,False,1722,817,1705,847,1671,847,1654,817,1671,787,1705,787,477,478,515,551,513,476,2,0,False,False
515,1740,847,0,228,48,216,201,178,False,34,14,Classic,False,1774,847,1757,877,1723,877,1706,847,1723,817,1757,817,478,516,553,552,551,514,2,0,False,False
516,1791,817,200,200,200,199,189,167,False,35,14,Classic,False,1825,817,1808,847,1774,847,1757,817,1774,787,1808,787,479,480,517,553,515,478,2,0,False,False
517,1842,847,0,228,48,198,191,165,False,36,14,Classic,False,1876,847,1859,877,1825,877,1808,847,1825,817,1859,817,480,518,555,554,553,516,2,0,False,False
518,1894,817,200,200,200,202,191,168,False,37,14,BordD,False,1928,817,1911,847,1877,847,1860,817,1877,787,1911,787,481,0,0,555,517,480,2,0,False,False
519,43,876,0,228,48,210,233,252,False,1,15,BordG,True,77,876,60,906,26,906,9,876,26,846,60,846,0,0,0,0,0,0,0,0,True,False
520,94,906,200,200,200,210,233,252,False,2,15,Classic,True,128,906,111,936,77,936,60,906,77,876,111,876,0,0,0,0,0,0,0,0,True,False
521,146,876,0,228,48,210,233,252,False,3,15,Classic,True,180,876,163,906,129,906,112,876,129,846,163,846,0,0,0,0,0,0,0,0,True,False
522,197,906,200,200,200,200,206,173,False,4,15,Classic,True,231,906,214,936,180,936,163,906,180,876,214,876,0,0,0,0,0,0,2,0,True,False
523,249,876,0,228,48,137,190,200,False,5,15,Classic,True,283,876,266,906,232,906,215,876,232,846,266,846,0,487,524,0,0,0,2,0,True,False
524,300,906,200,200,200,205,195,171,False,6,15,Classic,True,334,906,317,936,283,936,266,906,283,876,317,876,487,525,562,561,0,0,2,0,False,False
525,351,876,0,228,48,212,199,174,False,7,15,Classic,True,385,876,368,906,334,906,317,876,334,846,368,846,488,489,526,562,524,487,2,0,False,False
526,403,906,200,200,200,210,195,171,False,8,15,Classic,True,437,906,420,936,386,936,369,906,386,876,420,876,489,527,564,563,562,525,2,0,False,False
527,454,876,0,228,48,201,191,171,False,9,15,Classic,True,488,876,471,906,437,906,420,876,437,846,471,846,490,491,528,564,526,489,2,0,False,False
528,506,906,200,200,200,186,161,134,False,10,15,Classic,True,540,906,523,936,489,936,472,906,489,876,523,876,491,529,566,565,564,527,3,0,False,False
529,557,876,0,228,48,180,150,119,False,11,15,Classic,True,591,876,574,906,540,906,523,876,540,846,574,846,492,493,530,566,528,491,3,0,False,False
530,609,906,200,200,200,201,192,171,False,12,15,Classic,True,643,906,626,936,592,936,575,906,592,876,626,876,493,531,568,567,566,529,2,0,False,False
531,660,876,0,228,48,201,191,167,False,13,15,Classic,True,694,876,677,906,643,906,626,876,643,846,677,846,494,495,532,568,530,493,2,0,False,False
532,711,906,200,200,200,201,191,164,False,14,15,Classic,True,745,906,728,936,694,936,677,906,694,876,728,876,495,533,570,569,568,531,2,0,False,False
533,763,876,0,228,48,210,198,180,False,15,15,Classic,True,797,876,780,906,746,906,729,876,746,846,780,846,496,497,534,570,532,495,2,0,False,False
534,814,906,200,200,200,198,188,160,False,16,15,Classic,True,848,906,831,936,797,936,780,906,797,876,831,876,497,535,572,571,570,533,2,0,False,False
535,866,876,0,228,48,214,205,181,False,17,15,Classic,True,900,876,883,906,849,906,832,876,849,846,883,846,498,499,536,572,534,497,2,0,False,False
536,917,906,200,200,200,210,198,171,False,18,15,Classic,True,951,906,934,936,900,936,883,906,900,876,934,876,499,537,574,573,572,535,2,0,False,False
537,968,876,0,228,48,204,193,169,False,19,15,Classic,True,1002,876,985,906,951,906,934,876,951,846,985,846,500,501,538,574,536,499,2,0,False,False
538,1020,906,200,200,200,199,191,169,False,20,15,Classic,True,1054,906,1037,936,1003,936,986,906,1003,876,1037,876,501,539,576,575,574,537,2,0,False,False
539,1071,876,0,228,48,199,190,169,False,21,15,Classic,True,1105,876,1088,906,1054,906,1037,876,1054,846,1088,846,502,503,540,576,538,501,2,0,False,False
540,1123,906,200,200,200,197,188,162,False,22,15,Classic,True,1157,906,1140,936,1106,936,1089,906,1106,876,1140,876,503,541,578,577,576,539,2,0,False,False
541,1174,876,0,228,48,211,200,173,False,23,15,Classic,True,1208,876,1191,906,1157,906,1140,876,1157,846,1191,846,504,505,542,578,540,503,2,0,False,False
542,1225,906,200,200,200,211,198,174,False,24,15,Classic,True,1259,906,1242,936,1208,936,1191,906,1208,876,1242,876,505,543,580,579,578,541,2,0,False,False
543,1277,876,0,228,48,197,186,162,False,25,15,Classic,True,1311,876,1294,906,1260,906,1243,876,1260,846,1294,846,506,507,544,580,542,505,2,0,False,False
544,1328,906,200,200,200,201,188,164,False,26,15,Classic,True,1362,906,1345,936,1311,936,1294,906,1311,876,1345,876,507,545,582,581,580,543,2,0,False,False
545,1380,876,0,228,48,205,191,167,False,27,15,Classic,True,1414,876,1397,906,1363,906,1346,876,1363,846,1397,846,508,509,546,582,544,507,2,0,False,False
546,1431,906,200,200,200,201,188,165,False,28,15,Classic,True,1465,906,1448,936,1414,936,1397,906,1414,876,1448,876,509,547,584,583,582,545,2,0,False,False
547,1483,876,0,228,48,210,197,171,False,29,15,Classic,True,1517,876,1500,906,1466,906,1449,876,1466,846,1500,846,510,511,548,584,546,509,2,0,False,False
548,1534,906,200,200,200,121,119,114,False,30,15,Classic,True,1568,906,1551,936,1517,936,1500,906,1517,876,1551,876,511,549,586,585,584,547,2,0,False,False
549,1585,876,0,228,48,201,191,164,False,31,15,Classic,True,1619,876,1602,906,1568,906,1551,876,1568,846,1602,846,512,513,550,586,548,511,2,0,False,False
550,1637,906,200,200,200,99,96,90,False,32,15,Classic,True,1671,906,1654,936,1620,936,1603,906,1620,876,1654,876,513,551,588,587,586,549,0,0,False,False
551,1688,876,0,228,48,207,195,169,False,33,15,Classic,True,1722,876,1705,906,1671,906,1654,876,1671,846,1705,846,514,515,552,588,550,513,2,0,False,False
552,1740,906,200,200,200,83,83,83,False,34,15,Classic,True,1774,906,1757,936,1723,936,1706,906,1723,876,1757,876,515,553,590,589,588,551,2,0,False,False
553,1791,876,0,228,48,210,198,171,False,35,15,Classic,True,1825,876,1808,906,1774,906,1757,876,1774,846,1808,846,516,517,554,590,552,515,2,0,False,False
554,1842,906,200,200,200,73,73,73,False,36,15,Classic,True,1876,906,1859,936,1825,936,1808,906,1825,876,1859,876,517,555,592,591,590,553,2,0,False,False
555,1894,876,0,228,48,197,185,159,False,37,15,BordD,True,1928,876,1911,906,1877,906,1860,876,1877,846,1911,846,518,0,0,592,554,517,2,0,False,False
556,43,936,200,200,200,242,230,218,False,1,16,BordG,False,77,936,60,966,26,966,9,936,26,906,60,906,0,0,0,0,0,0,1,0,True,False
557,94,965,0,228,48,242,230,218,False,2,16,Classic,False,128,965,111,995,77,995,60,965,77,935,111,935,0,0,0,0,0,0,1,0,True,False
558,146,936,200,200,200,242,230,218,False,3,16,Classic,False,180,936,163,966,129,966,112,936,129,906,163,906,0,0,0,0,0,0,0,0,True,False
559,197,965,0,228,48,242,230,218,False,4,16,Classic,False,231,965,214,995,180,995,163,965,180,935,214,935,0,0,0,0,0,0,2,0,True,False
560,249,936,200,200,200,200,206,173,False,5,16,Classic,False,283,936,266,966,232,966,215,936,232,906,266,906,0,524,561,0,0,0,2,0,True,False
561,300,965,0,228,48,205,197,175,False,6,16,Classic,False,334,965,317,995,283,995,266,965,283,935,317,935,524,562,599,598,0,0,2,0,False,False
562,351,936,200,200,200,201,191,167,False,7,16,Classic,False,385,936,368,966,334,966,317,936,334,906,368,906,525,526,563,599,561,524,2,0,False,False
563,403,965,0,228,48,197,188,167,False,8,16,Classic,False,437,965,420,995,386,995,369,965,386,935,420,935,526,564,601,600,599,562,2,0,False,False
564,454,936,200,200,200,195,169,142,False,9,16,Classic,False,488,936,471,966,437,966,420,936,437,906,471,906,527,528,565,601,563,526,2,0,False,False
565,506,965,0,228,48,213,199,175,False,10,16,Classic,False,540,965,523,995,489,995,472,965,489,935,523,935,528,566,603,602,601,564,2,0,False,False
566,557,936,200,200,200,199,188,162,False,11,16,Classic,False,591,936,574,966,540,966,523,936,540,906,574,906,529,530,567,603,565,528,2,0,False,False
567,609,965,0,228,48,210,199,181,False,12,16,Classic,False,643,965,626,995,592,995,575,965,592,935,626,935,530,568,605,604,603,566,2,0,False,False
568,660,936,200,200,200,212,201,177,False,13,16,Classic,False,694,936,677,966,643,966,626,936,643,906,677,906,531,532,569,605,567,530,2,0,False,False
569,711,965,0,228,48,198,188,161,False,14,16,Classic,False,745,965,728,995,694,995,677,965,694,935,728,935,532,570,607,606,605,568,2,0,False,False
570,763,936,200,200,200,197,186,165,False,15,16,Classic,False,797,936,780,966,746,966,729,936,746,906,780,906,533,534,571,607,569,532,2,0,False,False
571,814,965,0,228,48,205,196,170,False,16,16,Classic,False,848,965,831,995,797,995,780,965,797,935,831,935,534,572,609,608,607,570,2,0,False,False
572,866,936,200,200,200,207,196,171,False,17,16,Classic,False,900,936,883,966,849,966,832,936,849,906,883,906,535,536,573,609,571,534,2,0,False,False
573,917,965,0,228,48,213,203,180,False,18,16,Classic,False,951,965,934,995,900,995,883,965,900,935,934,935,536,574,611,610,609,572,2,0,False,False
574,968,936,200,200,200,195,185,157,False,19,16,Classic,False,1002,936,985,966,951,966,934,936,951,906,985,906,537,538,575,611,573,536,2,0,False,False
575,1020,965,0,228,48,201,188,167,False,20,16,Classic,False,1054,965,1037,995,1003,995,986,965,1003,935,1037,935,538,576,613,612,611,574,2,0,False,False
576,1071,936,200,200,200,202,195,172,False,21,16,Classic,False,1105,936,1088,966,1054,966,1037,936,1054,906,1088,906,539,540,577,613,575,538,2,0,False,False
577,1123,965,0,228,48,203,189,165,False,22,16,Classic,False,1157,965,1140,995,1106,995,1089,965,1106,935,1140,935,540,578,615,614,613,576,2,0,False,False
578,1174,936,200,200,200,200,189,163,False,23,16,Classic,False,1208,936,1191,966,1157,966,1140,936,1157,906,1191,906,541,542,579,615,577,540,2,0,False,False
579,1225,965,0,228,48,198,188,161,False,24,16,Classic,False,1259,965,1242,995,1208,995,1191,965,1208,935,1242,935,542,580,617,616,615,578,2,0,False,False
580,1277,936,200,200,200,198,188,162,False,25,16,Classic,False,1311,936,1294,966,1260,966,1243,936,1260,906,1294,906,543,544,581,617,579,542,2,0,False,False
581,1328,965,0,228,48,213,198,175,False,26,16,Classic,False,1362,965,1345,995,1311,995,1294,965,1311,935,1345,935,544,582,619,618,617,580,2,0,False,False
582,1380,936,200,200,200,203,193,172,False,27,16,Classic,False,1414,936,1397,966,1363,966,1346,936,1363,906,1397,906,545,546,583,619,581,544,2,0,False,False
583,1431,965,0,228,48,202,188,164,False,28,16,Classic,False,1465,965,1448,995,1414,995,1397,965,1414,935,1448,935,546,584,621,620,619,582,2,0,False,False
584,1483,936,200,200,200,197,184,161,False,29,16,Classic,False,1517,936,1500,966,1466,966,1449,936,1466,906,1500,906,547,548,585,621,583,546,1,0,False,False
585,1534,965,0,228,48,15,16,18,False,30,16,Classic,False,1568,965,1551,995,1517,995,1500,965,1517,935,1551,935,548,586,623,622,621,584,0,0,False,False
586,1585,936,200,200,200,219,219,219,False,31,16,Classic,False,1619,936,1602,966,1568,966,1551,936,1568,906,1602,906,549,550,587,623,585,548,0,0,False,False
587,1637,965,0,228,48,14,16,17,False,32,16,Classic,False,1671,965,1654,995,1620,995,1603,965,1620,935,1654,935,550,588,625,624,623,586,0,0,False,False
588,1688,936,200,200,200,28,32,34,False,33,16,Classic,False,1722,936,1705,966,1671,966,1654,936,1671,906,1705,906,551,552,589,625,587,550,0,0,False,False
589,1740,965,0,228,48,195,174,154,False,34,16,Classic,False,1774,965,1757,995,1723,995,1706,965,1723,935,1757,935,552,590,627,626,625,588,0,0,False,False
590,1791,936,200,200,200,29,32,36,False,35,16,Classic,False,1825,936,1808,966,1774,966,1757,936,1774,906,1808,906,553,554,591,627,589,552,2,0,False,False
591,1842,965,0,228,48,195,174,154,False,36,16,Classic,False,1876,965,1859,995,1825,995,1808,965,1825,935,1859,935,554,592,629,628,627,590,0,0,False,False
592,1894,936,200,200,200,40,44,49,False,37,16,BordD,False,1928,936,1911,966,1877,966,1860,936,1877,906,1911,906,555,0,0,629,591,554,0,0,False,False
593,43,995,0,228,48,242,230,218,False,1,17,BordG,True,77,995,60,1025,26,1025,9,995,26,965,60,965,0,0,0,0,0,0,2,0,True,False
594,94,1025,200,200,200,0,0,0,False,2,17,Classic,True,128,1025,111,1055,77,1055,60,1025,77,995,111,995,0,0,0,0,0,0,0,0,True,False
595,146,995,0,228,48,248,242,236,False,3,17,Classic,True,180,995,163,1025,129,1025,112,995,129,965,163,965,0,0,0,0,0,0,0,0,True,False
596,197,1025,200,200,200,0,0,0,False,4,17,Classic,True,231,1025,214,1055,180,1055,163,1025,180,995,214,995,0,0,0,0,0,0,0,0,True,False
597,249,995,0,228,48,242,230,218,False,5,17,Classic,True,283,995,266,1025,232,1025,215,995,232,965,266,965,0,561,598,0,0,0,0,0,True,False
598,300,1025,200,200,200,208,198,174,False,6,17,Classic,True,334,1025,317,1055,283,1055,266,1025,283,995,317,995,561,599,636,635,0,0,2,0,False,False
599,351,995,0,228,48,210,201,177,False,7,17,Classic,True,385,995,368,1025,334,1025,317,995,334,965,368,965,562,563,600,636,598,561,2,0,False,False
600,403,1025,200,200,200,201,190,167,False,8,17,Classic,True,437,1025,420,1055,386,1055,369,1025,386,995,420,995,563,601,638,637,636,599,2,0,False,False
601,454,995,0,228,48,207,195,169,False,9,17,Classic,True,488,995,471,1025,437,1025,420,995,437,965,471,965,564,565,602,638,600,563,2,0,False,False
602,506,1025,200,200,200,201,189,164,False,10,17,Classic,True,540,1025,523,1055,489,1055,472,1025,489,995,523,995,565,603,640,639,638,601,2,0,False,False
603,557,995,0,228,48,201,188,163,False,11,17,Classic,True,591,995,574,1025,540,1025,523,995,540,965,574,965,566,567,604,640,602,565,2,0,False,False
604,609,1025,200,200,200,206,195,173,False,12,17,Classic,True,643,1025,626,1055,592,1055,575,1025,592,995,626,995,567,605,642,641,640,603,2,0,False,False
605,660,995,0,228,48,208,198,177,False,13,17,Classic,True,694,995,677,1025,643,1025,626,995,643,965,677,965,568,569,606,642,604,567,2,0,False,False
606,711,1025,200,200,200,213,204,180,False,14,17,Classic,True,745,1025,728,1055,694,1055,677,1025,694,995,728,995,569,607,644,643,642,605,2,0,False,False
607,763,995,0,228,48,201,191,168,False,15,17,Classic,True,797,995,780,1025,746,1025,729,995,746,965,780,965,570,571,608,644,606,569,2,0,False,False
608,814,1025,200,200,200,206,197,174,False,16,17,Classic,True,848,1025,831,1055,797,1055,780,1025,797,995,831,995,571,609,646,645,644,607,2,0,False,False
609,866,995,0,228,48,215,204,177,False,17,17,Classic,True,900,995,883,1025,849,1025,832,995,849,965,883,965,572,573,610,646,608,571,2,0,False,False
610,917,1025,200,200,200,203,194,171,False,18,17,Classic,True,951,1025,934,1055,900,1055,883,1025,900,995,934,995,573,611,648,647,646,609,2,0,False,False
611,968,995,0,228,48,196,183,159,False,19,17,Classic,True,1002,995,985,1025,951,1025,934,995,951,965,985,965,574,575,612,648,610,573,2,0,False,False
612,1020,1025,200,200,200,213,204,183,False,20,17,Classic,True,1054,1025,1037,1055,1003,1055,986,1025,1003,995,1037,995,575,613,650,649,648,611,2,0,False,False
613,1071,995,0,228,48,204,195,174,False,21,17,Classic,True,1105,995,1088,1025,1054,1025,1037,995,1054,965,1088,965,576,577,614,650,612,575,2,0,False,False
614,1123,1025,200,200,200,206,195,171,False,22,17,Classic,True,1157,1025,1140,1055,1106,1055,1089,1025,1106,995,1140,995,577,615,652,651,650,613,2,0,False,False
615,1174,995,0,228,48,213,202,180,False,23,17,Classic,True,1208,995,1191,1025,1157,1025,1140,995,1157,965,1191,965,578,579,616,652,614,577,2,0,False,False
616,1225,1025,200,200,200,204,196,170,False,24,17,Classic,True,1259,1025,1242,1055,1208,1055,1191,1025,1208,995,1242,995,579,617,654,653,652,615,2,0,False,False
617,1277,995,0,228,48,210,197,172,False,25,17,Classic,True,1311,995,1294,1025,1260,1025,1243,995,1260,965,1294,965,580,581,618,654,616,579,2,0,False,False
618,1328,1025,200,200,200,198,192,168,False,26,17,Classic,True,1362,1025,1345,1055,1311,1055,1294,1025,1311,995,1345,995,581,619,656,655,654,617,2,0,False,False
619,1380,995,0,228,48,197,186,159,False,27,17,Classic,True,1414,995,1397,1025,1363,1025,1346,995,1363,965,1397,965,582,583,620,656,618,581,2,0,False,False
620,1431,1025,200,200,200,203,192,167,False,28,17,Classic,True,1465,1025,1448,1055,1414,1055,1397,1025,1414,995,1448,995,583,621,658,657,656,619,2,0,False,False
621,1483,995,0,228,48,192,182,157,False,29,17,Classic,True,1517,995,1500,1025,1466,1025,1449,995,1466,965,1500,965,584,585,622,658,620,583,0,0,False,False
622,1534,1025,200,200,200,7,7,8,False,30,17,Classic,True,1568,1025,1551,1055,1517,1055,1500,1025,1517,995,1551,995,585,623,660,659,658,621,0,0,False,False
623,1585,995,0,228,48,25,27,30,False,31,17,Classic,True,1619,995,1602,1025,1568,1025,1551,995,1568,965,1602,965,586,587,624,660,622,585,0,0,False,False
624,1637,1025,200,200,200,10,11,12,False,32,17,Classic,True,1671,1025,1654,1055,1620,1055,1603,1025,1620,995,1654,995,587,625,662,661,660,623,0,0,False,False
625,1688,995,0,228,48,195,174,154,False,33,17,Classic,True,1722,995,1705,1025,1671,1025,1654,995,1671,965,1705,965,588,589,626,662,624,587,0,0,False,False
626,1740,1025,200,200,200,36,39,43,False,34,17,Classic,True,1774,1025,1757,1055,1723,1055,1706,1025,1723,995,1757,995,589,627,664,663,662,625,0,0,False,False
627,1791,995,0,228,48,195,174,154,False,35,17,Classic,True,1825,995,1808,1025,1774,1025,1757,995,1774,965,1808,965,590,591,628,664,626,589,0,0,False,False
628,1842,1025,200,200,200,27,29,33,False,36,17,Classic,True,1876,1025,1859,1055,1825,1055,1808,1025,1825,995,1859,995,591,629,666,665,664,627,3,0,False,False
629,1894,995,0,228,48,195,174,154,False,37,17,BordD,True,1928,995,1911,1025,1877,1025,1860,995,1877,965,1911,965,592,0,0,666,628,591,0,0,False,False
630,43,1055,200,200,200,0,0,0,False,1,18,CoinBG,False,77,1055,60,1085,26,1085,9,1055,26,1025,60,1025,0,0,0,0,0,0,0,0,True,False
631,94,1084,0,228,48,0,0,0,False,2,18,BordB,False,128,1084,111,1114,77,1114,60,1084,77,1054,111,1054,0,0,0,0,0,0,0,0,True,False
632,146,1055,200,200,200,0,0,0,False,3,18,BordB,False,180,1055,163,1085,129,1085,112,1055,129,1025,163,1025,0,0,0,0,0,0,0,0,True,False
633,197,1084,0,228,48,0,0,0,False,4,18,BordB,False,231,1084,214,1114,180,1114,163,1084,180,1054,214,1054,0,0,0,0,0,0,0,0,True,False
634,249,1055,200,200,200,0,0,0,False,5,18,BordB,False,283,1055,266,1085,232,1085,215,1055,232,1025,266,1025,0,598,635,0,0,0,0,0,True,False
635,300,1084,0,228,48,0,0,0,False,6,18,BordB,False,334,1084,317,1114,283,1114,266,1084,283,1054,317,1054,598,636,0,0,0,0,2,0,False,False
636,351,1055,200,200,200,200,191,165,False,7,18,BordB,False,385,1055,368,1085,334,1085,317,1055,334,1025,368,1025,599,600,637,0,635,598,2,0,False,False
637,403,1084,0,228,48,0,0,0,False,8,18,BordB,False,437,1084,420,1114,386,1114,369,1084,386,1054,420,1054,600,638,0,0,0,636,2,0,False,False
638,454,1055,200,200,200,200,189,163,False,9,18,BordB,False,488,1055,471,1085,437,1085,420,1055,437,1025,471,1025,601,602,639,0,637,600,2,0,False,False
639,506,1084,0,228,48,0,0,0,False,10,18,BordB,False,540,1084,523,1114,489,1114,472,1084,489,1054,523,1054,602,640,0,0,0,638,2,0,False,False
640,557,1055,200,200,200,212,204,180,False,11,18,BordB,False,591,1055,574,1085,540,1085,523,1055,540,1025,574,1025,603,604,641,0,639,602,2,0,False,False
641,609,1084,0,228,48,0,0,0,False,12,18,BordB,False,643,1084,626,1114,592,1114,575,1084,592,1054,626,1054,604,642,0,0,0,640,2,0,False,False
642,660,1055,200,200,200,201,188,163,False,13,18,BordB,False,694,1055,677,1085,643,1085,626,1055,643,1025,677,1025,605,606,643,0,641,604,2,0,False,False
643,711,1084,0,228,48,0,0,0,False,14,18,BordB,False,745,1084,728,1114,694,1114,677,1084,694,1054,728,1054,606,644,0,0,0,642,2,0,False,False
644,763,1055,200,200,200,201,192,168,False,15,18,BordB,False,797,1055,780,1085,746,1085,729,1055,746,1025,780,1025,607,608,645,0,643,606,2,0,False,False
645,814,1084,0,228,48,0,0,0,False,16,18,BordB,False,848,1084,831,1114,797,1114,780,1084,797,1054,831,1054,608,646,0,0,0,644,2,0,False,False
646,866,1055,200,200,200,184,164,145,False,17,18,BordB,False,900,1055,883,1085,849,1085,832,1055,849,1025,883,1025,609,610,647,0,645,608,2,0,False,False
647,917,1084,0,228,48,0,0,0,False,18,18,BordB,False,951,1084,934,1114,900,1114,883,1084,900,1054,934,1054,610,648,0,0,0,646,2,0,False,False
648,968,1055,200,200,200,210,200,178,False,19,18,BordB,False,1002,1055,985,1085,951,1085,934,1055,951,1025,985,1025,611,612,649,0,647,610,2,0,False,False
649,1020,1084,0,228,48,0,0,0,False,20,18,BordB,False,1054,1084,1037,1114,1003,1114,986,1084,1003,1054,1037,1054,612,650,0,0,0,648,2,0,False,False
650,1071,1055,200,200,200,201,190,167,False,21,18,BordB,False,1105,1055,1088,1085,1054,1085,1037,1055,1054,1025,1088,1025,613,614,651,0,649,612,2,0,False,False
651,1123,1084,0,228,48,0,0,0,False,22,18,BordB,False,1157,1084,1140,1114,1106,1114,1089,1084,1106,1054,1140,1054,614,652,0,0,0,650,2,0,False,False
652,1174,1055,200,200,200,211,202,177,False,23,18,BordB,False,1208,1055,1191,1085,1157,1085,1140,1055,1157,1025,1191,1025,615,616,653,0,651,614,2,0,False,False
653,1225,1084,0,228,48,0,0,0,False,24,18,BordB,False,1259,1084,1242,1114,1208,1114,1191,1084,1208,1054,1242,1054,616,654,0,0,0,652,2,0,False,False
654,1277,1055,200,200,200,200,189,162,False,25,18,BordB,False,1311,1055,1294,1085,1260,1085,1243,1055,1260,1025,1294,1025,617,618,655,0,653,616,2,0,False,False
655,1328,1084,0,228,48,0,0,0,False,26,18,BordB,False,1362,1084,1345,1114,1311,1114,1294,1084,1311,1054,1345,1054,618,656,0,0,0,654,2,0,False,False
656,1380,1055,200,200,200,208,197,177,False,27,18,BordB,False,1414,1055,1397,1085,1363,1085,1346,1055,1363,1025,1397,1025,619,620,657,0,655,618,2,0,False,False
657,1431,1084,0,228,48,0,0,0,False,28,18,BordB,False,1465,1084,1448,1114,1414,1114,1397,1084,1414,1054,1448,1054,620,658,0,0,0,656,2,0,False,False
658,1483,1055,200,200,200,187,175,153,False,29,18,BordB,False,1517,1055,1500,1085,1466,1085,1449,1055,1466,1025,1500,1025,621,622,659,0,657,620,2,0,False,False
659,1534,1084,0,228,48,0,0,0,False,30,18,BordB,False,1568,1084,1551,1114,1517,1114,1500,1084,1517,1054,1551,1054,622,660,0,0,0,658,0,0,False,False
660,1585,1055,200,200,200,27,29,31,False,31,18,BordB,False,1619,1055,1602,1085,1568,1085,1551,1055,1568,1025,1602,1025,623,624,661,0,659,622,0,0,False,False
661,1637,1084,0,228,48,0,0,0,False,32,18,BordB,False,1671,1084,1654,1114,1620,1114,1603,1084,1620,1054,1654,1054,624,662,0,0,0,660,0,0,False,False
662,1688,1055,200,200,200,36,40,45,False,33,18,BordB,False,1722,1055,1705,1085,1671,1085,1654,1055,1671,1025,1705,1025,625,626,663,0,661,624,0,0,False,False
663,1740,1084,0,228,48,0,0,0,False,34,18,BordB,False,1774,1084,1757,1114,1723,1114,1706,1084,1723,1054,1757,1054,626,664,0,0,0,662,0,0,False,False
664,1791,1055,200,200,200,28,31,35,False,35,18,BordB,False,1825,1055,1808,1085,1774,1085,1757,1055,1774,1025,1808,1025,627,628,665,0,663,626,0,0,False,False
665,1842,1084,0,228,48,0,0,0,False,36,18,BordB,False,1876,1084,1859,1114,1825,1114,1808,1084,1825,1054,1859,1054,628,666,0,0,0,664,0,0,False,False
666,1894,1055,200,200,200,33,37,41,False,37,18,CoinBD,False,1928,1055,1911,1085,1877,1085,1860,1055,1877,1025,1911,1025,629,0,0,0,665,628,0,0,False,False
